county_state_id,pop_hispan_prop,pop_un_st,state_name,county_name,pop_un_co,state_id,county_id,pop_co,pop_st,state_abbrev,semester,snap_beneficiaries,snap_biannual_chan,sem,pop_un_co_per,pop_un_st_per,year,month,date
06001,.2267466871435657,3059000,California,Alameda County,109000,06,001,1605217,38654206,CA,0718,97701,-4.246623674461459,Jul18,6.790359185082141,7.913757173022776,2018,7,July2018
06003,.0958781362007168,3059000,California,Alpine County,,06,003,1184,38654206,CA,0716,154,-2.531645569620256,Jul16,,7.913757173022776,2016,7,July2016
06005,.1303412987861303,3059000,California,Amador County,,06,005,36963,38654206,CA,0715,3443,5.129770992366423,Jul15,,7.913757173022776,2015,7,July2015
06007,.1545167922012478,3059000,California,Butte County,,06,007,223877,38654206,CA,0116,32068,-.1494582139743406,Jan16,,7.913757173022776,2016,1,January2016
06009,.115005378271782,3059000,California,Calaveras County,,06,009,44787,38654206,CA,0717,4970,-2.146091750344559,Jul17,,7.913757173022776,2017,7,July2017
06011,.5814930669032168,3059000,California,Colusa County,,06,011,21361,38654206,CA,0119,1392,-1.206529453513128,Jan19,,7.913757173022776,2019,1,January2019
06013,.2515515067859582,3059000,California,Contra Costa County,69000,06,013,1107925,38654206,CA,0118,61320,-.3558718861209953,Jan18,6.227858383915879,7.913757173022776,2018,1,January2018
06015,.1904674408349258,3059000,California,Del Norte County,,06,015,27628,38654206,CA,0118,5195,-.9155063894716764,Jan18,,7.913757173022776,2018,1,January2018
06017,.1267430238083534,3059000,California,El Dorado County,,06,017,183000,38654206,CA,0716,12840,-.7037352099605654,Jul16,,7.913757173022776,2016,7,July2016
06019,.5194456579576676,3059000,California,Fresno County,82000,06,019,963160,38654206,CA,0116,226523,-.3755876803722469,Jan16,8.513642593130943,7.913757173022776,2016,1,January2016
06021,.4038991235914863,3059000,California,Glenn County,,06,021,27976,38654206,CA,0717,3351,-4.692832764505117,Jul17,,7.913757173022776,2017,7,July2017
06023,.1082642850254805,3059000,California,Humboldt County,,06,023,135182,38654206,CA,0718,19462,-2.83574638042936,Jul18,,7.913757173022776,2018,7,July2018
06025,.8227604960606619,3059000,California,Imperial County,19000,06,025,178807,38654206,CA,0115,41594,,Jan15,10.62598220427612,7.913757173022776,2015,1,January2015
06027,.2086366105377512,3059000,California,Inyo County,,06,027,18326,38654206,CA,0119,1834,-4.826154644525172,Jan19,,7.913757173022776,2019,1,January2019
06029,.515471838772269,3059000,California,Kern County,75000,06,029,871337,38654206,CA,0115,148872,,Jan15,8.607461866074779,7.913757173022776,2015,1,January2015
06031,.5318994603011932,3059000,California,Kings County,14000,06,031,150261,38654206,CA,0117,24381,.5111926454219429,Jan17,9.317121541850513,7.913757173022776,2017,1,January2017
06033,.1905926710706718,3059000,California,Lake County,,06,033,64076,38654206,CA,0117,12196,-1.150915869670932,Jan17,,7.913757173022776,2017,1,January2017
06035,.1846987306686825,3059000,California,Lassen County,,06,035,31945,38654206,CA,0715,3203,.6916064130776389,Jul15,,7.913757173022776,2015,7,July2015
06037,.4841245247340908,3059000,California,Los Angeles County,1051000,06,037,10057155,38654206,CA,0116,1132762,-2.974669612014136,Jan16,10.45027147339382,7.913757173022776,2016,1,January2016
06039,.561417811941921,3059000,California,Madera County,17000,06,039,153366,38654206,CA,0718,26407,-3.341874084919472,Jul18,11.08459502106073,7.913757173022776,2018,7,July2018
06041,.1596433365292426,3059000,California,Marin County,14000,06,041,259358,38654206,CA,0115,10054,,Jan15,5.397944154412048,7.913757173022776,2015,1,January2015
06043,.1033819703653433,3059000,California,Mariposa County,,06,043,17645,38654206,CA,0716,1992,-5.007153075822601,Jul16,,7.913757173022776,2016,7,July2016
06045,.2409723565762669,3059000,California,Mendocino County,,06,045,87409,38654206,CA,0119,10962,-2.151209497456041,Jan19,,7.913757173022776,2019,1,January2019
06047,.5750301291894591,3059000,California,Merced County,27000,06,047,265001,38654206,CA,0118,53014,-2.406067634984632,Jan18,10.1886407975819,7.913757173022776,2018,1,January2018
06049,.1475119139975618,3059000,California,Modoc County,,06,049,9033,38654206,CA,0718,1205,-3.13504823151125,Jul18,,7.913757173022776,2018,7,July2018
06051,.2786311352432664,3059000,California,Mono County,,06,051,14051,38654206,CA,0115,846,,Jan15,,7.913757173022776,2015,1,January2015
06053,.573711469268148,3059000,California,Monterey County,,06,053,430201,38654206,CA,0118,46892,7.265074572238994,Jan18,,7.913757173022776,2018,1,January2018
06055,.336761560561034,3059000,California,Napa County,12000,06,055,140823,38654206,CA,0715,7354,.3000545553736966,Jul15,8.521335293240451,7.913757173022776,2015,7,July2015
06057,.0915838330316605,3059000,California,Nevada County,,06,057,98639,38654206,CA,0115,7692,,Jan15,,7.913757173022776,2015,1,January2015
06059,.3434480522267419,3059000,California,Orange County,271000,06,059,3132211,38654206,CA,0117,241312,-2.908183793353181,Jan17,8.652035255606982,7.913757173022776,2017,1,January2017
06061,.1349846917087712,3059000,California,Placer County,9000,06,061,370571,38654206,CA,0115,18308,,Jan15,2.428684381670449,7.913757173022776,2015,1,January2015
06063,.0842738901429646,3059000,California,Plumas County,,06,063,18754,38654206,CA,0116,2205,10.80402010050252,Jan16,,7.913757173022776,2016,1,January2016
06065,.4743844747991968,3059000,California,Riverside County,163000,06,065,2323892,38654206,CA,0716,285093,-2.303514212771796,Jul16,7.014095319403828,7.913757173022776,2016,7,July2016
06067,.2251154838039279,3059000,California,Sacramento County,64000,06,067,1479300,38654206,CA,0718,192452,-2.643200777025145,Jul18,4.326370580680051,7.913757173022776,2018,7,July2018
06069,.5834005526284175,3059000,California,San Benito County,,06,069,58051,38654206,CA,0117,5201,-5.470737913486001,Jan17,,7.913757173022776,2017,1,January2017
06071,.5165285363806725,3059000,California,San Bernardino County,141000,06,071,2106754,38654206,CA,0716,389942,-1.26200857882236,Jul16,6.692760521636604,7.913757173022776,2016,7,July2016
06073,.3318679022170225,3059000,California,San Diego County,211000,06,073,3253356,38654206,CA,0116,287601,-.0608111864783711,Jan16,6.485610551074029,7.913757173022776,2016,1,January2016
06075,.1528208063870944,3059000,California,San Francisco County,49000,06,075,850282,38654206,CA,0116,50282,.7857286029264277,Jan16,5.762793990699556,7.913757173022776,2016,1,January2016
06077,.404509800907494,3059000,California,San Joaquin County,56000,06,077,714860,38654206,CA,0115,119166,,Jan15,7.833701703830121,7.913757173022776,2015,1,January2015
06079,.2204397974796029,3059000,California,San Luis Obispo County,10000,06,079,278680,38654206,CA,0717,16794,-3.025753551218391,Jul17,3.588345055260514,7.913757173022776,2017,7,July2017
06081,.2525808054775956,3059000,California,San Mateo County,58000,06,081,754748,38654206,CA,0715,30964,-.2191286414024218,Jul15,7.684684159481045,7.913757173022776,2015,7,July2015
06083,.4444525130029864,3059000,California,Santa Barbara County,46000,06,083,439395,38654206,CA,0115,36909,,Jan15,10.46894024738561,7.913757173022776,2015,1,January2015
06085,.2655234204491174,3059000,California,Santa Clara County,138000,06,085,1885056,38654206,CA,0715,108449,-1.447629087075841,Jul15,7.320737421063353,7.913757173022776,2015,7,July2015
06087,.3322725199040485,3059000,California,Santa Cruz County,19000,06,087,270931,38654206,CA,0119,23586,-2.38794851632661,Jan19,7.012855671739299,7.913757173022776,2019,1,January2019
06089,.0941024671308758,3059000,California,Shasta County,,06,089,179228,38654206,CA,0119,21604,-3.151477114807011,Jan19,,7.913757173022776,2019,1,January2019
06091,.0969030969030969,3059000,California,Sierra County,,06,091,2931,38654206,CA,0717,259,-12.20338983050847,Jul17,,7.913757173022776,2017,7,July2017
06093,.1192124323828734,3059000,California,Siskiyou County,,06,093,43668,38654206,CA,0118,6405,1.457310312054494,Jan18,,7.913757173022776,2018,1,January2018
06095,.2563536372935372,3059000,California,Solano County,21000,06,095,429596,38654206,CA,0117,40094,-4.529002762167822,Jan17,4.888313671449454,7.913757173022776,2017,1,January2017
06097,.261037554068424,3059000,California,Sonoma County,31000,06,097,497776,38654206,CA,0718,27329,-5.547107209511304,Jul18,6.22770081321719,7.913757173022776,2018,7,July2018
06099,.4407017332804508,3059000,California,Stanislaus County,36000,06,099,530561,38654206,CA,0715,92318,1.077364398800018,Jul15,6.785270685180403,7.913757173022776,2015,7,July2015
06101,.298903460723862,3059000,California,Sutter County,,06,101,95406,38654206,CA,0119,11144,-1.901408450704223,Jan19,,7.913757173022776,2019,1,January2019
06103,.240712258391869,3059000,California,Tehama County,,06,103,63015,38654206,CA,0118,8977,-2.593315972222221,Jan18,,7.913757173022776,2018,1,January2018
06105,.0727410782080486,3059000,California,Trinity County,,06,105,13180,38654206,CA,0116,1796,-3.7513397642015,Jan16,,7.913757173022776,2016,1,January2016
06107,.6292192458282228,3059000,California,Tulare County,48000,06,107,455769,38654206,CA,0118,116173,.2182539682539675,Jan18,10.53165090210172,7.913757173022776,2018,1,January2018
06109,.115305307350783,3059000,California,Tuolumne County,,06,109,53864,38654206,CA,0119,4572,-1.359223300970869,Jan19,,7.913757173022776,2019,1,January2019
06111,.4198301066678642,3059000,California,Ventura County,69000,06,111,843110,38654206,CA,0718,63793,-4.522936466362348,Jul18,8.183985482321406,7.913757173022776,2018,7,July2018
06113,.3145479069319331,3059000,California,Yolo County,13000,06,113,209671,38654206,CA,0718,17372,-4.496976360637717,Jul18,6.200189821196064,7.913757173022776,2018,7,July2018
06115,.2720303923424276,3059000,California,Yuba County,,06,115,73897,38654206,CA,0717,13025,1.314561294337269,Jul17,,7.913757173022776,2017,7,July2017
06001,.2267466871435657,3059000,California,Alameda County,109000,06,001,1605217,38654206,CA,0716,112615,-2.430254721885283,Jul16,6.790359185082141,7.913757173022776,2016,7,July2016
06001,.2267466871435657,3059000,California,Alameda County,109000,06,001,1605217,38654206,CA,0117,108788,-3.398303955956139,Jan17,6.790359185082141,7.913757173022776,2017,1,January2017
06001,.2267466871435657,3059000,California,Alameda County,109000,06,001,1605217,38654206,CA,0115,119204,,Jan15,6.790359185082141,7.913757173022776,2015,1,January2015
06001,.2267466871435657,3059000,California,Alameda County,109000,06,001,1605217,38654206,CA,0715,118825,-.3179423509278245,Jul15,6.790359185082141,7.913757173022776,2015,7,July2015
06001,.2267466871435657,3059000,California,Alameda County,109000,06,001,1605217,38654206,CA,0116,115420,-2.865558594571849,Jan16,6.790359185082141,7.913757173022776,2016,1,January2016
06001,.2267466871435657,3059000,California,Alameda County,109000,06,001,1605217,38654206,CA,0119,91262,-6.590515961965593,Jan19,6.790359185082141,7.913757173022776,2019,1,January2019
06001,.2267466871435657,3059000,California,Alameda County,109000,06,001,1605217,38654206,CA,0118,102034,-2.02980374083036,Jan18,6.790359185082141,7.913757173022776,2018,1,January2018
06001,.2267466871435657,3059000,California,Alameda County,109000,06,001,1605217,38654206,CA,0717,104148,-4.265176306210239,Jul17,6.790359185082141,7.913757173022776,2017,7,July2017
06003,.0958781362007168,3059000,California,Alpine County,,06,003,1184,38654206,CA,0118,139,.7246376811594235,Jan18,,7.913757173022776,2018,1,January2018
06003,.0958781362007168,3059000,California,Alpine County,,06,003,1184,38654206,CA,0116,158,-7.602339181286554,Jan16,,7.913757173022776,2016,1,January2016
06003,.0958781362007168,3059000,California,Alpine County,,06,003,1184,38654206,CA,0119,114,-6.557377049180324,Jan19,,7.913757173022776,2019,1,January2019
06003,.0958781362007168,3059000,California,Alpine County,,06,003,1184,38654206,CA,0715,171,0,Jul15,,7.913757173022776,2015,7,July2015
06003,.0958781362007168,3059000,California,Alpine County,,06,003,1184,38654206,CA,0718,122,-12.23021582733813,Jul18,,7.913757173022776,2018,7,July2018
06003,.0958781362007168,3059000,California,Alpine County,,06,003,1184,38654206,CA,0717,138,-2.127659574468088,Jul17,,7.913757173022776,2017,7,July2017
06003,.0958781362007168,3059000,California,Alpine County,,06,003,1184,38654206,CA,0115,171,,Jan15,,7.913757173022776,2015,1,January2015
06003,.0958781362007168,3059000,California,Alpine County,,06,003,1184,38654206,CA,0117,141,-8.441558441558438,Jan17,,7.913757173022776,2017,1,January2017
06005,.1303412987861303,3059000,California,Amador County,,06,005,36963,38654206,CA,0717,2997,-5.098163394553512,Jul17,,7.913757173022776,2017,7,July2017
06005,.1303412987861303,3059000,California,Amador County,,06,005,36963,38654206,CA,0117,3158,-4.965392717424011,Jan17,,7.913757173022776,2017,1,January2017
06005,.1303412987861303,3059000,California,Amador County,,06,005,36963,38654206,CA,0718,2694,-7.581475128644943,Jul18,,7.913757173022776,2018,7,July2018
06005,.1303412987861303,3059000,California,Amador County,,06,005,36963,38654206,CA,0716,3323,-1.715468796214137,Jul16,,7.913757173022776,2016,7,July2016
06005,.1303412987861303,3059000,California,Amador County,,06,005,36963,38654206,CA,0118,2915,-2.736069402736074,Jan18,,7.913757173022776,2018,1,January2018
06005,.1303412987861303,3059000,California,Amador County,,06,005,36963,38654206,CA,0116,3381,-1.800755155387745,Jan16,,7.913757173022776,2016,1,January2016
06005,.1303412987861303,3059000,California,Amador County,,06,005,36963,38654206,CA,0119,2571,-4.565701559020042,Jan19,,7.913757173022776,2019,1,January2019
06005,.1303412987861303,3059000,California,Amador County,,06,005,36963,38654206,CA,0115,3275,,Jan15,,7.913757173022776,2015,1,January2015
06007,.1545167922012478,3059000,California,Butte County,,06,007,223877,38654206,CA,0119,29546,-2.885879568761507,Jan19,,7.913757173022776,2019,1,January2019
06007,.1545167922012478,3059000,California,Butte County,,06,007,223877,38654206,CA,0115,31203,,Jan15,,7.913757173022776,2015,1,January2015
06007,.1545167922012478,3059000,California,Butte County,,06,007,223877,38654206,CA,0716,32077,.0280653611076431,Jul16,,7.913757173022776,2016,7,July2016
06007,.1545167922012478,3059000,California,Butte County,,06,007,223877,38654206,CA,0117,31011,-3.323253421454619,Jan17,,7.913757173022776,2017,1,January2017
06007,.1545167922012478,3059000,California,Butte County,,06,007,223877,38654206,CA,0118,30974,.3856749311294871,Jan18,,7.913757173022776,2018,1,January2018
06007,.1545167922012478,3059000,California,Butte County,,06,007,223877,38654206,CA,0715,32116,2.926000705060416,Jul15,,7.913757173022776,2015,7,July2015
06007,.1545167922012478,3059000,California,Butte County,,06,007,223877,38654206,CA,0718,30424,-1.775682830761283,Jul18,,7.913757173022776,2018,7,July2018
06007,.1545167922012478,3059000,California,Butte County,,06,007,223877,38654206,CA,0717,30855,-.5030473057947127,Jul17,,7.913757173022776,2017,7,July2017
06009,.115005378271782,3059000,California,Calaveras County,,06,009,44787,38654206,CA,0115,5412,,Jan15,,7.913757173022776,2015,1,January2015
06009,.115005378271782,3059000,California,Calaveras County,,06,009,44787,38654206,CA,0715,5484,1.330376940133027,Jul15,,7.913757173022776,2015,7,July2015
06009,.115005378271782,3059000,California,Calaveras County,,06,009,44787,38654206,CA,0118,4986,.3219315895372166,Jan18,,7.913757173022776,2018,1,January2018
06009,.115005378271782,3059000,California,Calaveras County,,06,009,44787,38654206,CA,0716,5135,-1.87273074718135,Jul16,,7.913757173022776,2016,7,July2016
06009,.115005378271782,3059000,California,Calaveras County,,06,009,44787,38654206,CA,0718,4822,-3.289209787404734,Jul18,,7.913757173022776,2018,7,July2018
06009,.115005378271782,3059000,California,Calaveras County,,06,009,44787,38654206,CA,0117,5079,-1.090555014605643,Jan17,,7.913757173022776,2017,1,January2017
06009,.115005378271782,3059000,California,Calaveras County,,06,009,44787,38654206,CA,0119,4553,-5.57859809207798,Jan19,,7.913757173022776,2019,1,January2019
06009,.115005378271782,3059000,California,Calaveras County,,06,009,44787,38654206,CA,0116,5233,-4.576951130561635,Jan16,,7.913757173022776,2016,1,January2016
06011,.5814930669032168,3059000,California,Colusa County,,06,011,21361,38654206,CA,0716,1406,6.515151515151518,Jul16,,7.913757173022776,2016,7,July2016
06011,.5814930669032168,3059000,California,Colusa County,,06,011,21361,38654206,CA,0718,1409,-4.861580013504385,Jul18,,7.913757173022776,2018,7,July2018
06011,.5814930669032168,3059000,California,Colusa County,,06,011,21361,38654206,CA,0115,1619,,Jan15,,7.913757173022776,2015,1,January2015
06011,.5814930669032168,3059000,California,Colusa County,,06,011,21361,38654206,CA,0717,1522,-3.914141414141414,Jul17,,7.913757173022776,2017,7,July2017
06011,.5814930669032168,3059000,California,Colusa County,,06,011,21361,38654206,CA,0116,1320,-15.3303399615138,Jan16,,7.913757173022776,2016,1,January2016
06011,.5814930669032168,3059000,California,Colusa County,,06,011,21361,38654206,CA,0117,1584,12.66002844950214,Jan17,,7.913757173022776,2017,1,January2017
06011,.5814930669032168,3059000,California,Colusa County,,06,011,21361,38654206,CA,0118,1481,-2.693823915900129,Jan18,,7.913757173022776,2018,1,January2018
06011,.5814930669032168,3059000,California,Colusa County,,06,011,21361,38654206,CA,0715,1559,-3.705991352686844,Jul15,,7.913757173022776,2015,7,July2015
06013,.2515515067859582,3059000,California,Contra Costa County,69000,06,013,1107925,38654206,CA,0116,69640,-2.746938148505029,Jan16,6.227858383915879,7.913757173022776,2016,1,January2016
06013,.2515515067859582,3059000,California,Contra Costa County,69000,06,013,1107925,38654206,CA,0717,61539,-2.433649364238832,Jul17,6.227858383915879,7.913757173022776,2017,7,July2017
06013,.2515515067859582,3059000,California,Contra Costa County,69000,06,013,1107925,38654206,CA,0718,58620,-4.40313111545988,Jul18,6.227858383915879,7.913757173022776,2018,7,July2018
06013,.2515515067859582,3059000,California,Contra Costa County,69000,06,013,1107925,38654206,CA,0119,55379,-5.528829750938247,Jan19,6.227858383915879,7.913757173022776,2019,1,January2019
06013,.2515515067859582,3059000,California,Contra Costa County,69000,06,013,1107925,38654206,CA,0117,63074,-5.555222807858174,Jan17,6.227858383915879,7.913757173022776,2017,1,January2017
06013,.2515515067859582,3059000,California,Contra Costa County,69000,06,013,1107925,38654206,CA,0716,66784,-4.101091326823669,Jul16,6.227858383915879,7.913757173022776,2016,7,July2016
06013,.2515515067859582,3059000,California,Contra Costa County,69000,06,013,1107925,38654206,CA,0715,71607,.3686364655752339,Jul15,6.227858383915879,7.913757173022776,2015,7,July2015
06013,.2515515067859582,3059000,California,Contra Costa County,69000,06,013,1107925,38654206,CA,0115,71344,,Jan15,6.227858383915879,7.913757173022776,2015,1,January2015
06015,.1904674408349258,3059000,California,Del Norte County,,06,015,27628,38654206,CA,0717,5243,.9045419553502798,Jul17,,7.913757173022776,2017,7,July2017
06015,.1904674408349258,3059000,California,Del Norte County,,06,015,27628,38654206,CA,0119,4872,-1.45631067961165,Jan19,,7.913757173022776,2019,1,January2019
06015,.1904674408349258,3059000,California,Del Norte County,,06,015,27628,38654206,CA,0116,5358,2.959262106072247,Jan16,,7.913757173022776,2016,1,January2016
06015,.1904674408349258,3059000,California,Del Norte County,,06,015,27628,38654206,CA,0715,5204,1.482059282371284,Jul15,,7.913757173022776,2015,7,July2015
06015,.1904674408349258,3059000,California,Del Norte County,,06,015,27628,38654206,CA,0716,5299,-1.101157148189624,Jul16,,7.913757173022776,2016,7,July2016
06015,.1904674408349258,3059000,California,Del Norte County,,06,015,27628,38654206,CA,0718,4944,-4.831568816169396,Jul18,,7.913757173022776,2018,7,July2018
06015,.1904674408349258,3059000,California,Del Norte County,,06,015,27628,38654206,CA,0115,5128,,Jan15,,7.913757173022776,2015,1,January2015
06015,.1904674408349258,3059000,California,Del Norte County,,06,015,27628,38654206,CA,0117,5196,-1.943762974146068,Jan17,,7.913757173022776,2017,1,January2017
06017,.1267430238083534,3059000,California,El Dorado County,,06,017,183000,38654206,CA,0718,10902,-3.564794338788146,Jul18,,7.913757173022776,2018,7,July2018
06017,.1267430238083534,3059000,California,El Dorado County,,06,017,183000,38654206,CA,0117,12338,-3.909657320872273,Jan17,,7.913757173022776,2017,1,January2017
06017,.1267430238083534,3059000,California,El Dorado County,,06,017,183000,38654206,CA,0715,13229,1.620832693194041,Jul15,,7.913757173022776,2015,7,July2015
06017,.1267430238083534,3059000,California,El Dorado County,,06,017,183000,38654206,CA,0118,11305,-5.830903790087461,Jan18,,7.913757173022776,2018,1,January2018
06017,.1267430238083534,3059000,California,El Dorado County,,06,017,183000,38654206,CA,0115,13018,,Jan15,,7.913757173022776,2015,1,January2015
06017,.1267430238083534,3059000,California,El Dorado County,,06,017,183000,38654206,CA,0116,12931,-2.252626804747149,Jan16,,7.913757173022776,2016,1,January2016
06017,.1267430238083534,3059000,California,El Dorado County,,06,017,183000,38654206,CA,0119,10650,-2.311502476609795,Jan19,,7.913757173022776,2019,1,January2019
06017,.1267430238083534,3059000,California,El Dorado County,,06,017,183000,38654206,CA,0717,12005,-2.698978764791704,Jul17,,7.913757173022776,2017,7,July2017
06019,.5194456579576676,3059000,California,Fresno County,82000,06,019,963160,38654206,CA,0117,210405,-3.214900135238319,Jan17,8.513642593130943,7.913757173022776,2017,1,January2017
06019,.5194456579576676,3059000,California,Fresno County,82000,06,019,963160,38654206,CA,0715,227377,.2681142484201926,Jul15,8.513642593130943,7.913757173022776,2015,7,July2015
06019,.5194456579576676,3059000,California,Fresno County,82000,06,019,963160,38654206,CA,0718,210426,2.844491363889623,Jul18,8.513642593130943,7.913757173022776,2018,7,July2018
06019,.5194456579576676,3059000,California,Fresno County,82000,06,019,963160,38654206,CA,0118,204606,.9308451600491319,Jan18,8.513642593130943,7.913757173022776,2018,1,January2018
06019,.5194456579576676,3059000,California,Fresno County,82000,06,019,963160,38654206,CA,0717,202719,-3.652955015327586,Jul17,8.513642593130943,7.913757173022776,2017,7,July2017
06019,.5194456579576676,3059000,California,Fresno County,82000,06,019,963160,38654206,CA,0716,217394,-4.030054343267575,Jul16,8.513642593130943,7.913757173022776,2016,7,July2016
06019,.5194456579576676,3059000,California,Fresno County,82000,06,019,963160,38654206,CA,0119,201871,-4.06556224040755,Jan19,8.513642593130943,7.913757173022776,2019,1,January2019
06019,.5194456579576676,3059000,California,Fresno County,82000,06,019,963160,38654206,CA,0115,226769,,Jan15,8.513642593130943,7.913757173022776,2015,1,January2015
06021,.4038991235914863,3059000,California,Glenn County,,06,021,27976,38654206,CA,0718,3323,-2.779403159742544,Jul18,,7.913757173022776,2018,7,July2018
06021,.4038991235914863,3059000,California,Glenn County,,06,021,27976,38654206,CA,0119,3171,-4.574179957869395,Jan19,,7.913757173022776,2019,1,January2019
06021,.4038991235914863,3059000,California,Glenn County,,06,021,27976,38654206,CA,0715,3634,-1.142546245919474,Jul15,,7.913757173022776,2015,7,July2015
06021,.4038991235914863,3059000,California,Glenn County,,06,021,27976,38654206,CA,0117,3516,-4.586160108548166,Jan17,,7.913757173022776,2017,1,January2017
06021,.4038991235914863,3059000,California,Glenn County,,06,021,27976,38654206,CA,0115,3676,,Jan15,,7.913757173022776,2015,1,January2015
06021,.4038991235914863,3059000,California,Glenn County,,06,021,27976,38654206,CA,0716,3685,3.308102046537709,Jul16,,7.913757173022776,2016,7,July2016
06021,.4038991235914863,3059000,California,Glenn County,,06,021,27976,38654206,CA,0118,3418,1.999403163234859,Jan18,,7.913757173022776,2018,1,January2018
06021,.4038991235914863,3059000,California,Glenn County,,06,021,27976,38654206,CA,0116,3567,-1.843698403962579,Jan16,,7.913757173022776,2016,1,January2016
06023,.1082642850254805,3059000,California,Humboldt County,,06,023,135182,38654206,CA,0119,19750,1.479806803000727,Jan19,,7.913757173022776,2019,1,January2019
06023,.1082642850254805,3059000,California,Humboldt County,,06,023,135182,38654206,CA,0117,20834,-1.293409769270859,Jan17,,7.913757173022776,2017,1,January2017
06023,.1082642850254805,3059000,California,Humboldt County,,06,023,135182,38654206,CA,0715,21026,3.770605073536659,Jul15,,7.913757173022776,2015,7,July2015
06023,.1082642850254805,3059000,California,Humboldt County,,06,023,135182,38654206,CA,0116,21189,.7752306667935027,Jan16,,7.913757173022776,2016,1,January2016
06023,.1082642850254805,3059000,California,Humboldt County,,06,023,135182,38654206,CA,0118,20030,-1.188890533274134,Jan18,,7.913757173022776,2018,1,January2018
06023,.1082642850254805,3059000,California,Humboldt County,,06,023,135182,38654206,CA,0115,20262,,Jan15,,7.913757173022776,2015,1,January2015
06023,.1082642850254805,3059000,California,Humboldt County,,06,023,135182,38654206,CA,0717,20271,-2.70231352596717,Jul17,,7.913757173022776,2017,7,July2017
06023,.1082642850254805,3059000,California,Humboldt County,,06,023,135182,38654206,CA,0716,21107,-.3869932512152507,Jul16,,7.913757173022776,2016,7,July2016
06025,.8227604960606619,3059000,California,Imperial County,19000,06,025,178807,38654206,CA,0116,43023,.1163521280804325,Jan16,10.62598220427612,7.913757173022776,2016,1,January2016
06025,.8227604960606619,3059000,California,Imperial County,19000,06,025,178807,38654206,CA,0717,41231,-1.751417814421197,Jul17,10.62598220427612,7.913757173022776,2017,7,July2017
06025,.8227604960606619,3059000,California,Imperial County,19000,06,025,178807,38654206,CA,0718,39265,-3.438014902983055,Jul18,10.62598220427612,7.913757173022776,2018,7,July2018
06025,.8227604960606619,3059000,California,Imperial County,19000,06,025,178807,38654206,CA,0117,41966,-.2211179533512464,Jan17,10.62598220427612,7.913757173022776,2017,1,January2017
06025,.8227604960606619,3059000,California,Imperial County,19000,06,025,178807,38654206,CA,0118,40663,-1.377604229827067,Jan18,10.62598220427612,7.913757173022776,2018,1,January2018
06025,.8227604960606619,3059000,California,Imperial County,19000,06,025,178807,38654206,CA,0715,42973,3.315382026253788,Jul15,10.62598220427612,7.913757173022776,2015,7,July2015
06025,.8227604960606619,3059000,California,Imperial County,19000,06,025,178807,38654206,CA,0119,40821,3.962816757926912,Jan19,10.62598220427612,7.913757173022776,2019,1,January2019
06025,.8227604960606619,3059000,California,Imperial County,19000,06,025,178807,38654206,CA,0716,42059,-2.24066197150361,Jul16,10.62598220427612,7.913757173022776,2016,7,July2016
06027,.2086366105377512,3059000,California,Inyo County,,06,027,18326,38654206,CA,0718,1927,-3.456913827655306,Jul18,,7.913757173022776,2018,7,July2018
06027,.2086366105377512,3059000,California,Inyo County,,06,027,18326,38654206,CA,0715,2067,.486144871171601,Jul15,,7.913757173022776,2015,7,July2015
06027,.2086366105377512,3059000,California,Inyo County,,06,027,18326,38654206,CA,0118,1996,3.580695381421894,Jan18,,7.913757173022776,2018,1,January2018
06027,.2086366105377512,3059000,California,Inyo County,,06,027,18326,38654206,CA,0717,1927,.6266318537859084,Jul17,,7.913757173022776,2017,7,July2017
06027,.2086366105377512,3059000,California,Inyo County,,06,027,18326,38654206,CA,0117,1915,-7.174018419777028,Jan17,,7.913757173022776,2017,1,January2017
06027,.2086366105377512,3059000,California,Inyo County,,06,027,18326,38654206,CA,0716,2063,-1.57442748091603,Jul16,,7.913757173022776,2016,7,July2016
06027,.2086366105377512,3059000,California,Inyo County,,06,027,18326,38654206,CA,0115,2057,,Jan15,,7.913757173022776,2015,1,January2015
06027,.2086366105377512,3059000,California,Inyo County,,06,027,18326,38654206,CA,0116,2096,1.40299951620706,Jan16,,7.913757173022776,2016,1,January2016
06029,.515471838772269,3059000,California,Kern County,75000,06,029,871337,38654206,CA,0718,152327,-2.533176356167544,Jul18,8.607461866074779,7.913757173022776,2018,7,July2018
06029,.515471838772269,3059000,California,Kern County,75000,06,029,871337,38654206,CA,0117,161782,-.5959988202909994,Jan17,8.607461866074779,7.913757173022776,2017,1,January2017
06029,.515471838772269,3059000,California,Kern County,75000,06,029,871337,38654206,CA,0717,158663,-1.927902980554075,Jul17,8.607461866074779,7.913757173022776,2017,7,July2017
06029,.515471838772269,3059000,California,Kern County,75000,06,029,871337,38654206,CA,0118,156286,-1.498143864669144,Jan18,8.607461866074779,7.913757173022776,2018,1,January2018
06029,.515471838772269,3059000,California,Kern County,75000,06,029,871337,38654206,CA,0119,146792,-3.6336302822218,Jan19,8.607461866074779,7.913757173022776,2019,1,January2019
06029,.515471838772269,3059000,California,Kern County,75000,06,029,871337,38654206,CA,0716,162752,.232795890967763,Jul16,8.607461866074779,7.913757173022776,2016,7,July2016
06029,.515471838772269,3059000,California,Kern County,75000,06,029,871337,38654206,CA,0116,162374,1.918176226164015,Jan16,8.607461866074779,7.913757173022776,2016,1,January2016
06029,.515471838772269,3059000,California,Kern County,75000,06,029,871337,38654206,CA,0715,159318,7.016766080928583,Jul15,8.607461866074779,7.913757173022776,2015,7,July2015
06031,.5318994603011932,3059000,California,Kings County,14000,06,031,150261,38654206,CA,0717,23573,-3.314056027234324,Jul17,9.317121541850513,7.913757173022776,2017,7,July2017
06031,.5318994603011932,3059000,California,Kings County,14000,06,031,150261,38654206,CA,0716,24257,-2.816506410256414,Jul16,9.317121541850513,7.913757173022776,2016,7,July2016
06031,.5318994603011932,3059000,California,Kings County,14000,06,031,150261,38654206,CA,0115,23880,,Jan15,9.317121541850513,7.913757173022776,2015,1,January2015
06031,.5318994603011932,3059000,California,Kings County,14000,06,031,150261,38654206,CA,0116,24960,.7263922518159882,Jan16,9.317121541850513,7.913757173022776,2016,1,January2016
06031,.5318994603011932,3059000,California,Kings County,14000,06,031,150261,38654206,CA,0715,24780,3.768844221105527,Jul15,9.317121541850513,7.913757173022776,2015,7,July2015
06031,.5318994603011932,3059000,California,Kings County,14000,06,031,150261,38654206,CA,0118,23778,.8696389937640436,Jan18,9.317121541850513,7.913757173022776,2018,1,January2018
06031,.5318994603011932,3059000,California,Kings County,14000,06,031,150261,38654206,CA,0718,22994,-3.297165447051897,Jul18,9.317121541850513,7.913757173022776,2018,7,July2018
06031,.5318994603011932,3059000,California,Kings County,14000,06,031,150261,38654206,CA,0119,22950,-.1913542663303458,Jan19,9.317121541850513,7.913757173022776,2019,1,January2019
06033,.1905926710706718,3059000,California,Lake County,,06,033,64076,38654206,CA,0116,12571,3.935510541546083,Jan16,,7.913757173022776,2016,1,January2016
06033,.1905926710706718,3059000,California,Lake County,,06,033,64076,38654206,CA,0119,11266,.1956599075062293,Jan19,,7.913757173022776,2019,1,January2019
06033,.1905926710706718,3059000,California,Lake County,,06,033,64076,38654206,CA,0716,12338,-1.853472277464008,Jul16,,7.913757173022776,2016,7,July2016
06033,.1905926710706718,3059000,California,Lake County,,06,033,64076,38654206,CA,0115,11600,,Jan15,,7.913757173022776,2015,1,January2015
06033,.1905926710706718,3059000,California,Lake County,,06,033,64076,38654206,CA,0717,11733,-3.796326664480154,Jul17,,7.913757173022776,2017,7,July2017
06033,.1905926710706718,3059000,California,Lake County,,06,033,64076,38654206,CA,0118,11651,-.698883491008262,Jan18,,7.913757173022776,2018,1,January2018
06033,.1905926710706718,3059000,California,Lake County,,06,033,64076,38654206,CA,0718,11244,-3.49326238091151,Jul18,,7.913757173022776,2018,7,July2018
06033,.1905926710706718,3059000,California,Lake County,,06,033,64076,38654206,CA,0715,12095,4.267241379310338,Jul15,,7.913757173022776,2015,7,July2015
06035,.1846987306686825,3059000,California,Lassen County,,06,035,31945,38654206,CA,0119,2874,1.626591230551622,Jan19,,7.913757173022776,2019,1,January2019
06035,.1846987306686825,3059000,California,Lassen County,,06,035,31945,38654206,CA,0117,3145,.0636334712058595,Jan17,,7.913757173022776,2017,1,January2017
06035,.1846987306686825,3059000,California,Lassen County,,06,035,31945,38654206,CA,0717,3163,.572337042925275,Jul17,,7.913757173022776,2017,7,July2017
06035,.1846987306686825,3059000,California,Lassen County,,06,035,31945,38654206,CA,0716,3143,-.4434589800443423,Jul16,,7.913757173022776,2016,7,July2016
06035,.1846987306686825,3059000,California,Lassen County,,06,035,31945,38654206,CA,0118,3042,-3.825482137211511,Jan18,,7.913757173022776,2018,1,January2018
06035,.1846987306686825,3059000,California,Lassen County,,06,035,31945,38654206,CA,0718,2828,-7.034845496383957,Jul18,,7.913757173022776,2018,7,July2018
06035,.1846987306686825,3059000,California,Lassen County,,06,035,31945,38654206,CA,0115,3181,,Jan15,,7.913757173022776,2015,1,January2015
06035,.1846987306686825,3059000,California,Lassen County,,06,035,31945,38654206,CA,0116,3157,-1.436153605994384,Jan16,,7.913757173022776,2016,1,January2016
06037,.4841245247340908,3059000,California,Los Angeles County,1051000,06,037,10057155,38654206,CA,0115,1170330,,Jan15,10.45027147339382,7.913757173022776,2015,1,January2015
06037,.4841245247340908,3059000,California,Los Angeles County,1051000,06,037,10057155,38654206,CA,0715,1167491,-.2425811523245613,Jul15,10.45027147339382,7.913757173022776,2015,7,July2015
06037,.4841245247340908,3059000,California,Los Angeles County,1051000,06,037,10057155,38654206,CA,0718,1055314,-2.537608827557669,Jul18,10.45027147339382,7.913757173022776,2018,7,July2018
06037,.4841245247340908,3059000,California,Los Angeles County,1051000,06,037,10057155,38654206,CA,0716,1085136,-4.204413636756888,Jul16,10.45027147339382,7.913757173022776,2016,7,July2016
06037,.4841245247340908,3059000,California,Los Angeles County,1051000,06,037,10057155,38654206,CA,0717,1052354,-2.30635407789469,Jul17,10.45027147339382,7.913757173022776,2017,7,July2017
06037,.4841245247340908,3059000,California,Los Angeles County,1051000,06,037,10057155,38654206,CA,0118,1082791,2.892277693627809,Jan18,10.45027147339382,7.913757173022776,2018,1,January2018
06037,.4841245247340908,3059000,California,Los Angeles County,1051000,06,037,10057155,38654206,CA,0119,1029471,-2.448844609282164,Jan19,10.45027147339382,7.913757173022776,2019,1,January2019
06037,.4841245247340908,3059000,California,Los Angeles County,1051000,06,037,10057155,38654206,CA,0117,1077198,-.7315212102446123,Jan17,10.45027147339382,7.913757173022776,2017,1,January2017
06039,.561417811941921,3059000,California,Madera County,17000,06,039,153366,38654206,CA,0717,27606,-12.89834037988262,Jul17,11.08459502106073,7.913757173022776,2017,7,July2017
06039,.561417811941921,3059000,California,Madera County,17000,06,039,153366,38654206,CA,0117,31694,9.588188513536867,Jan17,11.08459502106073,7.913757173022776,2017,1,January2017
06039,.561417811941921,3059000,California,Madera County,17000,06,039,153366,38654206,CA,0715,29610,1.251538777185068,Jul15,11.08459502106073,7.913757173022776,2015,7,July2015
06039,.561417811941921,3059000,California,Madera County,17000,06,039,153366,38654206,CA,0116,30085,1.604187774400545,Jan16,11.08459502106073,7.913757173022776,2016,1,January2016
06039,.561417811941921,3059000,California,Madera County,17000,06,039,153366,38654206,CA,0119,25925,-1.82527360169652,Jan19,11.08459502106073,7.913757173022776,2019,1,January2019
06039,.561417811941921,3059000,California,Madera County,17000,06,039,153366,38654206,CA,0115,29244,,Jan15,11.08459502106073,7.913757173022776,2015,1,January2015
06039,.561417811941921,3059000,California,Madera County,17000,06,039,153366,38654206,CA,0118,27320,-1.036006665217704,Jan18,11.08459502106073,7.913757173022776,2018,1,January2018
06039,.561417811941921,3059000,California,Madera County,17000,06,039,153366,38654206,CA,0716,28921,-3.869037726441749,Jul16,11.08459502106073,7.913757173022776,2016,7,July2016
06041,.1596433365292426,3059000,California,Marin County,14000,06,041,259358,38654206,CA,0116,10047,-2.617039837161961,Jan16,5.397944154412048,7.913757173022776,2016,1,January2016
06041,.1596433365292426,3059000,California,Marin County,14000,06,041,259358,38654206,CA,0117,9767,-.7822023567655378,Jan17,5.397944154412048,7.913757173022776,2017,1,January2017
06041,.1596433365292426,3059000,California,Marin County,14000,06,041,259358,38654206,CA,0718,9397,-.9068860065380102,Jul18,5.397944154412048,7.913757173022776,2018,7,July2018
06041,.1596433365292426,3059000,California,Marin County,14000,06,041,259358,38654206,CA,0118,9483,.5407124681933828,Jan18,5.397944154412048,7.913757173022776,2018,1,January2018
06041,.1596433365292426,3059000,California,Marin County,14000,06,041,259358,38654206,CA,0717,9432,-3.429917067676869,Jul17,5.397944154412048,7.913757173022776,2017,7,July2017
06041,.1596433365292426,3059000,California,Marin County,14000,06,041,259358,38654206,CA,0715,10317,2.615874278893981,Jul15,5.397944154412048,7.913757173022776,2015,7,July2015
06041,.1596433365292426,3059000,California,Marin County,14000,06,041,259358,38654206,CA,0716,9844,-2.020503632925252,Jul16,5.397944154412048,7.913757173022776,2016,7,July2016
06041,.1596433365292426,3059000,California,Marin County,14000,06,041,259358,38654206,CA,0119,9043,-3.767159731829306,Jan19,5.397944154412048,7.913757173022776,2019,1,January2019
06043,.1033819703653433,3059000,California,Mariposa County,,06,043,17645,38654206,CA,0717,1823,-1.672060409924492,Jul17,,7.913757173022776,2017,7,July2017
06043,.1033819703653433,3059000,California,Mariposa County,,06,043,17645,38654206,CA,0116,2097,-2.419730107026519,Jan16,,7.913757173022776,2016,1,January2016
06043,.1033819703653433,3059000,California,Mariposa County,,06,043,17645,38654206,CA,0119,1878,4.101995565410199,Jan19,,7.913757173022776,2019,1,January2019
06043,.1033819703653433,3059000,California,Mariposa County,,06,043,17645,38654206,CA,0118,1921,5.375754251234222,Jan18,,7.913757173022776,2018,1,January2018
06043,.1033819703653433,3059000,California,Mariposa County,,06,043,17645,38654206,CA,0115,2030,,Jan15,,7.913757173022776,2015,1,January2015
06043,.1033819703653433,3059000,California,Mariposa County,,06,043,17645,38654206,CA,0715,2149,5.862068965517242,Jul15,,7.913757173022776,2015,7,July2015
06043,.1033819703653433,3059000,California,Mariposa County,,06,043,17645,38654206,CA,0718,1804,-6.090577824049969,Jul18,,7.913757173022776,2018,7,July2018
06043,.1033819703653433,3059000,California,Mariposa County,,06,043,17645,38654206,CA,0117,1854,-6.927710843373491,Jan17,,7.913757173022776,2017,1,January2017
06045,.2409723565762669,3059000,California,Mendocino County,,06,045,87409,38654206,CA,0716,12391,-4.998849957831785,Jul16,,7.913757173022776,2016,7,July2016
06045,.2409723565762669,3059000,California,Mendocino County,,06,045,87409,38654206,CA,0115,13125,,Jan15,,7.913757173022776,2015,1,January2015
06045,.2409723565762669,3059000,California,Mendocino County,,06,045,87409,38654206,CA,0718,11203,-2.463869057983636,Jul18,,7.913757173022776,2018,7,July2018
06045,.2409723565762669,3059000,California,Mendocino County,,06,045,87409,38654206,CA,0117,11865,-4.245016544266001,Jan17,,7.913757173022776,2017,1,January2017
06045,.2409723565762669,3059000,California,Mendocino County,,06,045,87409,38654206,CA,0116,13043,-.7684114424832633,Jan16,,7.913757173022776,2016,1,January2016
06045,.2409723565762669,3059000,California,Mendocino County,,06,045,87409,38654206,CA,0717,11656,-1.761483354403703,Jul17,,7.913757173022776,2017,7,July2017
06045,.2409723565762669,3059000,California,Mendocino County,,06,045,87409,38654206,CA,0715,13144,.1447619047619142,Jul15,,7.913757173022776,2015,7,July2015
06045,.2409723565762669,3059000,California,Mendocino County,,06,045,87409,38654206,CA,0118,11486,-1.458476321207958,Jan18,,7.913757173022776,2018,1,January2018
06047,.5750301291894591,3059000,California,Merced County,27000,06,047,265001,38654206,CA,0717,54321,-1.535310324825989,Jul17,10.1886407975819,7.913757173022776,2017,7,July2017
06047,.5750301291894591,3059000,California,Merced County,27000,06,047,265001,38654206,CA,0117,55168,-1.862492217379708,Jan17,10.1886407975819,7.913757173022776,2017,1,January2017
06047,.5750301291894591,3059000,California,Merced County,27000,06,047,265001,38654206,CA,0115,57742,,Jan15,10.1886407975819,7.913757173022776,2015,1,January2015
06047,.5750301291894591,3059000,California,Merced County,27000,06,047,265001,38654206,CA,0116,57991,-1.153951046567125,Jan16,10.1886407975819,7.913757173022776,2016,1,January2016
06047,.5750301291894591,3059000,California,Merced County,27000,06,047,265001,38654206,CA,0716,56215,-3.062544187891225,Jul16,10.1886407975819,7.913757173022776,2016,7,July2016
06047,.5750301291894591,3059000,California,Merced County,27000,06,047,265001,38654206,CA,0715,58668,1.603685359010765,Jul15,10.1886407975819,7.913757173022776,2015,7,July2015
06047,.5750301291894591,3059000,California,Merced County,27000,06,047,265001,38654206,CA,0718,51360,-3.119930584373942,Jul18,10.1886407975819,7.913757173022776,2018,7,July2018
06047,.5750301291894591,3059000,California,Merced County,27000,06,047,265001,38654206,CA,0119,50303,-2.058021806853583,Jan19,10.1886407975819,7.913757173022776,2019,1,January2019
06049,.1475119139975618,3059000,California,Modoc County,,06,049,9033,38654206,CA,0717,1149,-1.710863986313083,Jul17,,7.913757173022776,2017,7,July2017
06049,.1475119139975618,3059000,California,Modoc County,,06,049,9033,38654206,CA,0116,1059,9.740932642487055,Jan16,,7.913757173022776,2016,1,January2016
06049,.1475119139975618,3059000,California,Modoc County,,06,049,9033,38654206,CA,0716,1087,2.644003777148263,Jul16,,7.913757173022776,2016,7,July2016
06049,.1475119139975618,3059000,California,Modoc County,,06,049,9033,38654206,CA,0118,1244,8.268059181897303,Jan18,,7.913757173022776,2018,1,January2018
06049,.1475119139975618,3059000,California,Modoc County,,06,049,9033,38654206,CA,0715,965,-5.66959921798631,Jul15,,7.913757173022776,2015,7,July2015
06049,.1475119139975618,3059000,California,Modoc County,,06,049,9033,38654206,CA,0115,1023,,Jan15,,7.913757173022776,2015,1,January2015
06049,.1475119139975618,3059000,California,Modoc County,,06,049,9033,38654206,CA,0117,1169,7.543698252069908,Jan17,,7.913757173022776,2017,1,January2017
06049,.1475119139975618,3059000,California,Modoc County,,06,049,9033,38654206,CA,0119,1297,7.634854771784227,Jan19,,7.913757173022776,2019,1,January2019
06051,.2786311352432664,3059000,California,Mono County,,06,051,14051,38654206,CA,0118,694,3.120356612184239,Jan18,,7.913757173022776,2018,1,January2018
06051,.2786311352432664,3059000,California,Mono County,,06,051,14051,38654206,CA,0718,619,-10.80691642651297,Jul18,,7.913757173022776,2018,7,July2018
06051,.2786311352432664,3059000,California,Mono County,,06,051,14051,38654206,CA,0116,795,-6.908665105386413,Jan16,,7.913757173022776,2016,1,January2016
06051,.2786311352432664,3059000,California,Mono County,,06,051,14051,38654206,CA,0717,673,-12.71076523994812,Jul17,,7.913757173022776,2017,7,July2017
06051,.2786311352432664,3059000,California,Mono County,,06,051,14051,38654206,CA,0715,854,.9456264775413725,Jul15,,7.913757173022776,2015,7,July2015
06051,.2786311352432664,3059000,California,Mono County,,06,051,14051,38654206,CA,0119,726,17.2859450726979,Jan19,,7.913757173022776,2019,1,January2019
06051,.2786311352432664,3059000,California,Mono County,,06,051,14051,38654206,CA,0716,781,-1.761006289308176,Jul16,,7.913757173022776,2016,7,July2016
06051,.2786311352432664,3059000,California,Mono County,,06,051,14051,38654206,CA,0117,771,-1.280409731113952,Jan17,,7.913757173022776,2017,1,January2017
06053,.573711469268148,3059000,California,Monterey County,,06,053,430201,38654206,CA,0117,50910,7.163154903487912,Jan17,,7.913757173022776,2017,1,January2017
06053,.573711469268148,3059000,California,Monterey County,,06,053,430201,38654206,CA,0715,50266,-3.728956390171034,Jul15,,7.913757173022776,2015,7,July2015
06053,.573711469268148,3059000,California,Monterey County,,06,053,430201,38654206,CA,0116,54098,7.623443281741138,Jan16,,7.913757173022776,2016,1,January2016
06053,.573711469268148,3059000,California,Monterey County,,06,053,430201,38654206,CA,0717,43716,-14.1308190925162,Jul17,,7.913757173022776,2017,7,July2017
06053,.573711469268148,3059000,California,Monterey County,,06,053,430201,38654206,CA,0718,40091,-14.50354004947539,Jul18,,7.913757173022776,2018,7,July2018
06053,.573711469268148,3059000,California,Monterey County,,06,053,430201,38654206,CA,0115,52213,,Jan15,,7.913757173022776,2015,1,January2015
06053,.573711469268148,3059000,California,Monterey County,,06,053,430201,38654206,CA,0119,41479,3.462123668653816,Jan19,,7.913757173022776,2019,1,January2019
06053,.573711469268148,3059000,California,Monterey County,,06,053,430201,38654206,CA,0716,47507,-12.18344485932936,Jul16,,7.913757173022776,2016,7,July2016
06055,.336761560561034,3059000,California,Napa County,12000,06,055,140823,38654206,CA,0115,7332,,Jan15,8.521335293240451,7.913757173022776,2015,1,January2015
06055,.336761560561034,3059000,California,Napa County,12000,06,055,140823,38654206,CA,0716,7178,-3.586299529885828,Jul16,8.521335293240451,7.913757173022776,2016,7,July2016
06055,.336761560561034,3059000,California,Napa County,12000,06,055,140823,38654206,CA,0717,6096,-10.53712943938949,Jul17,8.521335293240451,7.913757173022776,2017,7,July2017
06055,.336761560561034,3059000,California,Napa County,12000,06,055,140823,38654206,CA,0118,6047,-.8038057742782101,Jan18,8.521335293240451,7.913757173022776,2018,1,January2018
06055,.336761560561034,3059000,California,Napa County,12000,06,055,140823,38654206,CA,0718,5556,-8.119728791136104,Jul18,8.521335293240451,7.913757173022776,2018,7,July2018
06055,.336761560561034,3059000,California,Napa County,12000,06,055,140823,38654206,CA,0117,6814,-5.071050431875179,Jan17,8.521335293240451,7.913757173022776,2017,1,January2017
06055,.336761560561034,3059000,California,Napa County,12000,06,055,140823,38654206,CA,0116,7445,1.237421811259187,Jan16,8.521335293240451,7.913757173022776,2016,1,January2016
06055,.336761560561034,3059000,California,Napa County,12000,06,055,140823,38654206,CA,0119,5200,-6.407487401007916,Jan19,8.521335293240451,7.913757173022776,2019,1,January2019
06057,.0915838330316605,3059000,California,Nevada County,,06,057,98639,38654206,CA,0118,6886,-2.849887133182849,Jan18,,7.913757173022776,2018,1,January2018
06057,.0915838330316605,3059000,California,Nevada County,,06,057,98639,38654206,CA,0715,7758,.8580343213728581,Jul15,,7.913757173022776,2015,7,July2015
06057,.0915838330316605,3059000,California,Nevada County,,06,057,98639,38654206,CA,0718,7018,1.916932907348246,Jul18,,7.913757173022776,2018,7,July2018
06057,.0915838330316605,3059000,California,Nevada County,,06,057,98639,38654206,CA,0117,7326,-4.44763271162123,Jan17,,7.913757173022776,2017,1,January2017
06057,.0915838330316605,3059000,California,Nevada County,,06,057,98639,38654206,CA,0116,7676,-1.056973446764631,Jan16,,7.913757173022776,2016,1,January2016
06057,.0915838330316605,3059000,California,Nevada County,,06,057,98639,38654206,CA,0119,7286,3.818751781134222,Jan19,,7.913757173022776,2019,1,January2019
06057,.0915838330316605,3059000,California,Nevada County,,06,057,98639,38654206,CA,0717,7088,-3.248703248703244,Jul17,,7.913757173022776,2017,7,July2017
06057,.0915838330316605,3059000,California,Nevada County,,06,057,98639,38654206,CA,0716,7667,-.1172485669619583,Jul16,,7.913757173022776,2016,7,July2016
06059,.3434480522267419,3059000,California,Orange County,271000,06,059,3132211,38654206,CA,0118,222821,-2.594467467519979,Jan18,8.652035255606982,7.913757173022776,2018,1,January2018
06059,.3434480522267419,3059000,California,Orange County,271000,06,059,3132211,38654206,CA,0715,253081,1.535381578630624,Jul15,8.652035255606982,7.913757173022776,2015,7,July2015
06059,.3434480522267419,3059000,California,Orange County,271000,06,059,3132211,38654206,CA,0116,252982,-.0391179108664819,Jan16,8.652035255606982,7.913757173022776,2016,1,January2016
06059,.3434480522267419,3059000,California,Orange County,271000,06,059,3132211,38654206,CA,0115,249254,,Jan15,8.652035255606982,7.913757173022776,2015,1,January2015
06059,.3434480522267419,3059000,California,Orange County,271000,06,059,3132211,38654206,CA,0716,248540,-1.755856147868229,Jul16,8.652035255606982,7.913757173022776,2016,7,July2016
06059,.3434480522267419,3059000,California,Orange County,271000,06,059,3132211,38654206,CA,0718,211089,-5.265212883884374,Jul18,8.652035255606982,7.913757173022776,2018,7,July2018
06059,.3434480522267419,3059000,California,Orange County,271000,06,059,3132211,38654206,CA,0119,194027,-8.082846571825153,Jan19,8.652035255606982,7.913757173022776,2019,1,January2019
06059,.3434480522267419,3059000,California,Orange County,271000,06,059,3132211,38654206,CA,0717,228756,-5.203222384299167,Jul17,8.652035255606982,7.913757173022776,2017,7,July2017
06061,.1349846917087712,3059000,California,Placer County,9000,06,061,370571,38654206,CA,0119,13962,-3.623938703665353,Jan19,2.428684381670449,7.913757173022776,2019,1,January2019
06061,.1349846917087712,3059000,California,Placer County,9000,06,061,370571,38654206,CA,0715,18100,-1.136115359405721,Jul15,2.428684381670449,7.913757173022776,2015,7,July2015
06061,.1349846917087712,3059000,California,Placer County,9000,06,061,370571,38654206,CA,0717,16023,-3.11404039182489,Jul17,2.428684381670449,7.913757173022776,2017,7,July2017
06061,.1349846917087712,3059000,California,Placer County,9000,06,061,370571,38654206,CA,0116,17866,-1.292817679558012,Jan16,2.428684381670449,7.913757173022776,2016,1,January2016
06061,.1349846917087712,3059000,California,Placer County,9000,06,061,370571,38654206,CA,0118,15698,-2.028334269487608,Jan18,2.428684381670449,7.913757173022776,2018,1,January2018
06061,.1349846917087712,3059000,California,Placer County,9000,06,061,370571,38654206,CA,0716,17595,-1.516847643568786,Jul16,2.428684381670449,7.913757173022776,2016,7,July2016
06061,.1349846917087712,3059000,California,Placer County,9000,06,061,370571,38654206,CA,0117,16538,-6.007388462631424,Jan17,2.428684381670449,7.913757173022776,2017,1,January2017
06061,.1349846917087712,3059000,California,Placer County,9000,06,061,370571,38654206,CA,0718,14487,-7.714358517008534,Jul18,2.428684381670449,7.913757173022776,2018,7,July2018
06063,.0842738901429646,3059000,California,Plumas County,,06,063,18754,38654206,CA,0118,2201,12.87179487179486,Jan18,,7.913757173022776,2018,1,January2018
06063,.0842738901429646,3059000,California,Plumas County,,06,063,18754,38654206,CA,0115,2026,,Jan15,,7.913757173022776,2015,1,January2015
06063,.0842738901429646,3059000,California,Plumas County,,06,063,18754,38654206,CA,0717,1950,-9.006066262249179,Jul17,,7.913757173022776,2017,7,July2017
06063,.0842738901429646,3059000,California,Plumas County,,06,063,18754,38654206,CA,0117,2143,5.87944664031621,Jan17,,7.913757173022776,2017,1,January2017
06063,.0842738901429646,3059000,California,Plumas County,,06,063,18754,38654206,CA,0718,1997,-9.268514311676512,Jul18,,7.913757173022776,2018,7,July2018
06063,.0842738901429646,3059000,California,Plumas County,,06,063,18754,38654206,CA,0715,1990,-1.776900296150052,Jul15,,7.913757173022776,2015,7,July2015
06063,.0842738901429646,3059000,California,Plumas County,,06,063,18754,38654206,CA,0716,2024,-8.208616780045352,Jul16,,7.913757173022776,2016,7,July2016
06063,.0842738901429646,3059000,California,Plumas County,,06,063,18754,38654206,CA,0119,2035,1.902854281422139,Jan19,,7.913757173022776,2019,1,January2019
06065,.4743844747991968,3059000,California,Riverside County,163000,06,065,2323892,38654206,CA,0715,293757,.8780906593406579,Jul15,7.014095319403828,7.913757173022776,2015,7,July2015
06065,.4743844747991968,3059000,California,Riverside County,163000,06,065,2323892,38654206,CA,0115,291200,,Jan15,7.014095319403828,7.913757173022776,2015,1,January2015
06065,.4743844747991968,3059000,California,Riverside County,163000,06,065,2323892,38654206,CA,0118,262025,-2.06723078533092,Jan18,7.014095319403828,7.913757173022776,2018,1,January2018
06065,.4743844747991968,3059000,California,Riverside County,163000,06,065,2323892,38654206,CA,0717,267556,-3.556314928159987,Jul17,7.014095319403828,7.913757173022776,2017,7,July2017
06065,.4743844747991968,3059000,California,Riverside County,163000,06,065,2323892,38654206,CA,0718,249324,-4.847247400057242,Jul18,7.014095319403828,7.913757173022776,2018,7,July2018
06065,.4743844747991968,3059000,California,Riverside County,163000,06,065,2323892,38654206,CA,0119,237408,-4.77932329017664,Jan19,7.014095319403828,7.913757173022776,2019,1,January2019
06065,.4743844747991968,3059000,California,Riverside County,163000,06,065,2323892,38654206,CA,0117,277422,-2.690700929170486,Jan17,7.014095319403828,7.913757173022776,2017,1,January2017
06065,.4743844747991968,3059000,California,Riverside County,163000,06,065,2323892,38654206,CA,0116,291815,-.6610906293296859,Jan16,7.014095319403828,7.913757173022776,2016,1,January2016
06067,.2251154838039279,3059000,California,Sacramento County,64000,06,067,1479300,38654206,CA,0117,205053,-2.334320851234084,Jan17,4.326370580680051,7.913757173022776,2017,1,January2017
06067,.2251154838039279,3059000,California,Sacramento County,64000,06,067,1479300,38654206,CA,0717,201619,-1.674688982848338,Jul17,4.326370580680051,7.913757173022776,2017,7,July2017
06067,.2251154838039279,3059000,California,Sacramento County,64000,06,067,1479300,38654206,CA,0119,184778,-3.987487789163013,Jan19,4.326370580680051,7.913757173022776,2019,1,January2019
06067,.2251154838039279,3059000,California,Sacramento County,64000,06,067,1479300,38654206,CA,0715,217108,-.0142765693864289,Jul15,4.326370580680051,7.913757173022776,2015,7,July2015
06067,.2251154838039279,3059000,California,Sacramento County,64000,06,067,1479300,38654206,CA,0118,197677,-1.955172875572242,Jan18,4.326370580680051,7.913757173022776,2018,1,January2018
06067,.2251154838039279,3059000,California,Sacramento County,64000,06,067,1479300,38654206,CA,0116,215484,-.7480148129041742,Jan16,4.326370580680051,7.913757173022776,2016,1,January2016
06067,.2251154838039279,3059000,California,Sacramento County,64000,06,067,1479300,38654206,CA,0716,209954,-2.5663158285534,Jul16,4.326370580680051,7.913757173022776,2016,7,July2016
06067,.2251154838039279,3059000,California,Sacramento County,64000,06,067,1479300,38654206,CA,0115,217139,,Jan15,4.326370580680051,7.913757173022776,2015,1,January2015
06069,.5834005526284175,3059000,California,San Benito County,,06,069,58051,38654206,CA,0716,5502,-7.311320754716977,Jul16,,7.913757173022776,2016,7,July2016
06069,.5834005526284175,3059000,California,San Benito County,,06,069,58051,38654206,CA,0717,4829,-7.152470678715628,Jul17,,7.913757173022776,2017,7,July2017
06069,.5834005526284175,3059000,California,San Benito County,,06,069,58051,38654206,CA,0119,4367,-2.522321428571428,Jan19,,7.913757173022776,2019,1,January2019
06069,.5834005526284175,3059000,California,San Benito County,,06,069,58051,38654206,CA,0715,5962,-3.277092796885139,Jul15,,7.913757173022776,2015,7,July2015
06069,.5834005526284175,3059000,California,San Benito County,,06,069,58051,38654206,CA,0718,4480,-3.385809790813021,Jul18,,7.913757173022776,2018,7,July2018
06069,.5834005526284175,3059000,California,San Benito County,,06,069,58051,38654206,CA,0115,6164,,Jan15,,7.913757173022776,2015,1,January2015
06069,.5834005526284175,3059000,California,San Benito County,,06,069,58051,38654206,CA,0118,4637,-3.975978463449992,Jan18,,7.913757173022776,2018,1,January2018
06069,.5834005526284175,3059000,California,San Benito County,,06,069,58051,38654206,CA,0116,5936,-.4360952700436127,Jan16,,7.913757173022776,2016,1,January2016
06071,.5165285363806725,3059000,California,San Bernardino County,141000,06,071,2106754,38654206,CA,0118,347017,-3.473933675654928,Jan18,6.692760521636604,7.913757173022776,2018,1,January2018
06071,.5165285363806725,3059000,California,San Bernardino County,141000,06,071,2106754,38654206,CA,0116,394926,-1.602559311138685,Jan16,6.692760521636604,7.913757173022776,2016,1,January2016
06071,.5165285363806725,3059000,California,San Bernardino County,141000,06,071,2106754,38654206,CA,0718,334115,-3.717973471040326,Jul18,6.692760521636604,7.913757173022776,2018,7,July2018
06071,.5165285363806725,3059000,California,San Bernardino County,141000,06,071,2106754,38654206,CA,0717,359506,-3.528723541282042,Jul17,6.692760521636604,7.913757173022776,2017,7,July2017
06071,.5165285363806725,3059000,California,San Bernardino County,141000,06,071,2106754,38654206,CA,0715,401358,1.221391372331437,Jul15,6.692760521636604,7.913757173022776,2015,7,July2015
06071,.5165285363806725,3059000,California,San Bernardino County,141000,06,071,2106754,38654206,CA,0119,320326,-4.12702213309789,Jan19,6.692760521636604,7.913757173022776,2019,1,January2019
06071,.5165285363806725,3059000,California,San Bernardino County,141000,06,071,2106754,38654206,CA,0117,372656,-4.432966954059836,Jan17,6.692760521636604,7.913757173022776,2017,1,January2017
06071,.5165285363806725,3059000,California,San Bernardino County,141000,06,071,2106754,38654206,CA,0115,396515,,Jan15,6.692760521636604,7.913757173022776,2015,1,January2015
06073,.3318679022170225,3059000,California,San Diego County,211000,06,073,3253356,38654206,CA,0115,284241,,Jan15,6.485610551074029,7.913757173022776,2015,1,January2015
06073,.3318679022170225,3059000,California,San Diego County,211000,06,073,3253356,38654206,CA,0117,273989,-3.268525350665674,Jan17,6.485610551074029,7.913757173022776,2017,1,January2017
06073,.3318679022170225,3059000,California,San Diego County,211000,06,073,3253356,38654206,CA,0718,254800,-1.980773151656667,Jul18,6.485610551074029,7.913757173022776,2018,7,July2018
06073,.3318679022170225,3059000,California,San Diego County,211000,06,073,3253356,38654206,CA,0716,283247,-1.513902941923007,Jul16,6.485610551074029,7.913757173022776,2016,7,July2016
06073,.3318679022170225,3059000,California,San Diego County,211000,06,073,3253356,38654206,CA,0118,259949,-1.258442160281392,Jan18,6.485610551074029,7.913757173022776,2018,1,January2018
06073,.3318679022170225,3059000,California,San Diego County,211000,06,073,3253356,38654206,CA,0715,287776,1.24366294799132,Jul15,6.485610551074029,7.913757173022776,2015,7,July2015
06073,.3318679022170225,3059000,California,San Diego County,211000,06,073,3253356,38654206,CA,0119,245876,-3.502354788069073,Jan19,6.485610551074029,7.913757173022776,2019,1,January2019
06073,.3318679022170225,3059000,California,San Diego County,211000,06,073,3253356,38654206,CA,0717,263262,-3.915120680027295,Jul17,6.485610551074029,7.913757173022776,2017,7,July2017
06075,.1528208063870944,3059000,California,San Francisco County,49000,06,075,850282,38654206,CA,0119,43254,-6.477837837837841,Jan19,5.762793990699556,7.913757173022776,2019,1,January2019
06075,.1528208063870944,3059000,California,San Francisco County,49000,06,075,850282,38654206,CA,0115,48935,,Jan15,5.762793990699556,7.913757173022776,2015,1,January2015
06075,.1528208063870944,3059000,California,San Francisco County,49000,06,075,850282,38654206,CA,0118,47799,-1.690627506632936,Jan18,5.762793990699556,7.913757173022776,2018,1,January2018
06075,.1528208063870944,3059000,California,San Francisco County,49000,06,075,850282,38654206,CA,0718,46250,-3.240653570158369,Jul18,5.762793990699556,7.913757173022776,2018,7,July2018
06075,.1528208063870944,3059000,California,San Francisco County,49000,06,075,850282,38654206,CA,0117,49670,-2.291728140060978,Jan17,5.762793990699556,7.913757173022776,2017,1,January2017
06075,.1528208063870944,3059000,California,San Francisco County,49000,06,075,850282,38654206,CA,0715,49890,1.951568407070603,Jul15,5.762793990699556,7.913757173022776,2015,7,July2015
06075,.1528208063870944,3059000,California,San Francisco County,49000,06,075,850282,38654206,CA,0716,50835,1.09979714410724,Jul16,5.762793990699556,7.913757173022776,2016,7,July2016
06075,.1528208063870944,3059000,California,San Francisco County,49000,06,075,850282,38654206,CA,0717,48621,-2.111938796053958,Jul17,5.762793990699556,7.913757173022776,2017,7,July2017
06077,.404509800907494,3059000,California,San Joaquin County,56000,06,077,714860,38654206,CA,0718,97904,-3.8884798507829,Jul18,7.833701703830121,7.913757173022776,2018,7,July2018
06077,.404509800907494,3059000,California,San Joaquin County,56000,06,077,714860,38654206,CA,0116,118403,-2.318233192809349,Jan16,7.833701703830121,7.913757173022776,2016,1,January2016
06077,.404509800907494,3059000,California,San Joaquin County,56000,06,077,714860,38654206,CA,0118,101865,-3.765670612464689,Jan18,7.833701703830121,7.913757173022776,2018,1,January2018
06077,.404509800907494,3059000,California,San Joaquin County,56000,06,077,714860,38654206,CA,0716,114867,-2.986410817293483,Jul16,7.833701703830121,7.913757173022776,2016,7,July2016
06077,.404509800907494,3059000,California,San Joaquin County,56000,06,077,714860,38654206,CA,0715,121213,1.717771847674676,Jul15,7.833701703830121,7.913757173022776,2015,7,July2015
06077,.404509800907494,3059000,California,San Joaquin County,56000,06,077,714860,38654206,CA,0119,93469,-4.529947703873183,Jan19,7.833701703830121,7.913757173022776,2019,1,January2019
06077,.404509800907494,3059000,California,San Joaquin County,56000,06,077,714860,38654206,CA,0717,105851,-4.304234621921676,Jul17,7.833701703830121,7.913757173022776,2017,7,July2017
06077,.404509800907494,3059000,California,San Joaquin County,56000,06,077,714860,38654206,CA,0117,110612,-3.704284085072296,Jan17,7.833701703830121,7.913757173022776,2017,1,January2017
06079,.2204397974796029,3059000,California,San Luis Obispo County,10000,06,079,278680,38654206,CA,0119,14738,-5.227959616744904,Jan19,3.588345055260514,7.913757173022776,2019,1,January2019
06079,.2204397974796029,3059000,California,San Luis Obispo County,10000,06,079,278680,38654206,CA,0716,18041,-3.109559613319013,Jul16,3.588345055260514,7.913757173022776,2016,7,July2016
06079,.2204397974796029,3059000,California,San Luis Obispo County,10000,06,079,278680,38654206,CA,0718,15551,-4.968222928379373,Jul18,3.588345055260514,7.913757173022776,2018,7,July2018
06079,.2204397974796029,3059000,California,San Luis Obispo County,10000,06,079,278680,38654206,CA,0116,18620,.2746513005546847,Jan16,3.588345055260514,7.913757173022776,2016,1,January2016
06079,.2204397974796029,3059000,California,San Luis Obispo County,10000,06,079,278680,38654206,CA,0715,18569,1.348106101953928,Jul15,3.588345055260514,7.913757173022776,2015,7,July2015
06079,.2204397974796029,3059000,California,San Luis Obispo County,10000,06,079,278680,38654206,CA,0117,17318,-4.007538384790199,Jan17,3.588345055260514,7.913757173022776,2017,1,January2017
06079,.2204397974796029,3059000,California,San Luis Obispo County,10000,06,079,278680,38654206,CA,0118,16364,-2.56043825175658,Jan18,3.588345055260514,7.913757173022776,2018,1,January2018
06079,.2204397974796029,3059000,California,San Luis Obispo County,10000,06,079,278680,38654206,CA,0115,18322,,Jan15,3.588345055260514,7.913757173022776,2015,1,January2015
06081,.2525808054775956,3059000,California,San Mateo County,58000,06,081,754748,38654206,CA,0117,26901,-5.354818280969642,Jan17,7.684684159481045,7.913757173022776,2017,1,January2017
06081,.2525808054775956,3059000,California,San Mateo County,58000,06,081,754748,38654206,CA,0718,22470,-7.447071422687202,Jul18,7.684684159481045,7.913757173022776,2018,7,July2018
06081,.2525808054775956,3059000,California,San Mateo County,58000,06,081,754748,38654206,CA,0118,24278,-3.978800822654638,Jan18,7.684684159481045,7.913757173022776,2018,1,January2018
06081,.2525808054775956,3059000,California,San Mateo County,58000,06,081,754748,38654206,CA,0119,20703,-7.863818424566094,Jan19,7.684684159481045,7.913757173022776,2019,1,January2019
06081,.2525808054775956,3059000,California,San Mateo County,58000,06,081,754748,38654206,CA,0116,30020,-3.048701718124269,Jan16,7.684684159481045,7.913757173022776,2016,1,January2016
06081,.2525808054775956,3059000,California,San Mateo County,58000,06,081,754748,38654206,CA,0717,25284,-6.010928961748629,Jul17,7.684684159481045,7.913757173022776,2017,7,July2017
06081,.2525808054775956,3059000,California,San Mateo County,58000,06,081,754748,38654206,CA,0115,31032,,Jan15,7.684684159481045,7.913757173022776,2015,1,January2015
06081,.2525808054775956,3059000,California,San Mateo County,58000,06,081,754748,38654206,CA,0716,28423,-5.319786808794136,Jul16,7.684684159481045,7.913757173022776,2016,7,July2016
06083,.4444525130029864,3059000,California,Santa Barbara County,46000,06,083,439395,38654206,CA,0119,37233,.372017792155277,Jan19,10.46894024738561,7.913757173022776,2019,1,January2019
06083,.4444525130029864,3059000,California,Santa Barbara County,46000,06,083,439395,38654206,CA,0716,37638,-4.619751146701812,Jul16,10.46894024738561,7.913757173022776,2016,7,July2016
06083,.4444525130029864,3059000,California,Santa Barbara County,46000,06,083,439395,38654206,CA,0118,38887,5.950467264256321,Jan18,10.46894024738561,7.913757173022776,2018,1,January2018
06083,.4444525130029864,3059000,California,Santa Barbara County,46000,06,083,439395,38654206,CA,0715,36238,-1.817984773361514,Jul15,10.46894024738561,7.913757173022776,2015,7,July2015
06083,.4444525130029864,3059000,California,Santa Barbara County,46000,06,083,439395,38654206,CA,0717,36703,-6.142437028512981,Jul17,10.46894024738561,7.913757173022776,2017,7,July2017
06083,.4444525130029864,3059000,California,Santa Barbara County,46000,06,083,439395,38654206,CA,0117,39105,3.897656623625068,Jan17,10.46894024738561,7.913757173022776,2017,1,January2017
06083,.4444525130029864,3059000,California,Santa Barbara County,46000,06,083,439395,38654206,CA,0116,39461,8.893978696396054,Jan16,10.46894024738561,7.913757173022776,2016,1,January2016
06083,.4444525130029864,3059000,California,Santa Barbara County,46000,06,083,439395,38654206,CA,0718,37095,-4.608223828014502,Jul18,10.46894024738561,7.913757173022776,2018,7,July2018
06085,.2655234204491174,3059000,California,Santa Clara County,138000,06,085,1885056,38654206,CA,0717,88824,-7.650080056559439,Jul17,7.320737421063353,7.913757173022776,2017,7,July2017
06085,.2655234204491174,3059000,California,Santa Clara County,138000,06,085,1885056,38654206,CA,0117,96182,-4.97539963247644,Jan17,7.320737421063353,7.913757173022776,2017,1,January2017
06085,.2655234204491174,3059000,California,Santa Clara County,138000,06,085,1885056,38654206,CA,0115,110042,,Jan15,7.320737421063353,7.913757173022776,2015,1,January2015
06085,.2655234204491174,3059000,California,Santa Clara County,138000,06,085,1885056,38654206,CA,0718,78327,-8.183288788859189,Jul18,7.320737421063353,7.913757173022776,2018,7,July2018
06085,.2655234204491174,3059000,California,Santa Clara County,138000,06,085,1885056,38654206,CA,0119,72535,-7.394640417735898,Jan19,7.320737421063353,7.913757173022776,2019,1,January2019
06085,.2655234204491174,3059000,California,Santa Clara County,138000,06,085,1885056,38654206,CA,0116,104218,-3.901372995601615,Jan16,7.320737421063353,7.913757173022776,2016,1,January2016
06085,.2655234204491174,3059000,California,Santa Clara County,138000,06,085,1885056,38654206,CA,0118,85308,-3.958389624425829,Jan18,7.320737421063353,7.913757173022776,2018,1,January2018
06085,.2655234204491174,3059000,California,Santa Clara County,138000,06,085,1885056,38654206,CA,0716,101218,-2.878581435068794,Jul16,7.320737421063353,7.913757173022776,2016,7,July2016
06087,.3322725199040485,3059000,California,Santa Cruz County,19000,06,087,270931,38654206,CA,0717,25288,-5.641791044776124,Jul17,7.012855671739299,7.913757173022776,2017,7,July2017
06087,.3322725199040485,3059000,California,Santa Cruz County,19000,06,087,270931,38654206,CA,0115,25328,,Jan15,7.012855671739299,7.913757173022776,2015,1,January2015
06087,.3322725199040485,3059000,California,Santa Cruz County,19000,06,087,270931,38654206,CA,0118,25940,2.578298006959834,Jan18,7.012855671739299,7.913757173022776,2018,1,January2018
06087,.3322725199040485,3059000,California,Santa Cruz County,19000,06,087,270931,38654206,CA,0715,25941,2.420246367656342,Jul15,7.012855671739299,7.913757173022776,2015,7,July2015
06087,.3322725199040485,3059000,California,Santa Cruz County,19000,06,087,270931,38654206,CA,0716,26266,-4.152678441103486,Jul16,7.012855671739299,7.913757173022776,2016,7,July2016
06087,.3322725199040485,3059000,California,Santa Cruz County,19000,06,087,270931,38654206,CA,0116,27404,5.639720905130874,Jan16,7.012855671739299,7.913757173022776,2016,1,January2016
06087,.3322725199040485,3059000,California,Santa Cruz County,19000,06,087,270931,38654206,CA,0117,26800,2.033046524023452,Jan17,7.012855671739299,7.913757173022776,2017,1,January2017
06087,.3322725199040485,3059000,California,Santa Cruz County,19000,06,087,270931,38654206,CA,0718,24163,-6.850424055512727,Jul18,7.012855671739299,7.913757173022776,2018,7,July2018
06089,.0941024671308758,3059000,California,Shasta County,,06,089,179228,38654206,CA,0118,23015,-.2989083347773369,Jan18,,7.913757173022776,2018,1,January2018
06089,.0941024671308758,3059000,California,Shasta County,,06,089,179228,38654206,CA,0718,22307,-3.076254616554419,Jul18,,7.913757173022776,2018,7,July2018
06089,.0941024671308758,3059000,California,Shasta County,,06,089,179228,38654206,CA,0716,24169,-2.161680767518115,Jul16,,7.913757173022776,2016,7,July2016
06089,.0941024671308758,3059000,California,Shasta County,,06,089,179228,38654206,CA,0715,25244,2.099089989888769,Jul15,,7.913757173022776,2015,7,July2015
06089,.0941024671308758,3059000,California,Shasta County,,06,089,179228,38654206,CA,0115,24725,,Jan15,,7.913757173022776,2015,1,January2015
06089,.0941024671308758,3059000,California,Shasta County,,06,089,179228,38654206,CA,0717,23084,-2.409740424452522,Jul17,,7.913757173022776,2017,7,July2017
06089,.0941024671308758,3059000,California,Shasta County,,06,089,179228,38654206,CA,0117,23654,-2.130828747569202,Jan17,,7.913757173022776,2017,1,January2017
06089,.0941024671308758,3059000,California,Shasta County,,06,089,179228,38654206,CA,0116,24703,-2.143083504991283,Jan16,,7.913757173022776,2016,1,January2016
06091,.0969030969030969,3059000,California,Sierra County,,06,091,2931,38654206,CA,0118,259,0,Jan18,,7.913757173022776,2018,1,January2018
06091,.0969030969030969,3059000,California,Sierra County,,06,091,2931,38654206,CA,0116,297,-6.309148264984232,Jan16,,7.913757173022776,2016,1,January2016
06091,.0969030969030969,3059000,California,Sierra County,,06,091,2931,38654206,CA,0716,264,-11.11111111111112,Jul16,,7.913757173022776,2016,7,July2016
06091,.0969030969030969,3059000,California,Sierra County,,06,091,2931,38654206,CA,0715,317,-.9375000000000022,Jul15,,7.913757173022776,2015,7,July2015
06091,.0969030969030969,3059000,California,Sierra County,,06,091,2931,38654206,CA,0119,218,-3.539823008849563,Jan19,,7.913757173022776,2019,1,January2019
06091,.0969030969030969,3059000,California,Sierra County,,06,091,2931,38654206,CA,0117,295,11.74242424242424,Jan17,,7.913757173022776,2017,1,January2017
06091,.0969030969030969,3059000,California,Sierra County,,06,091,2931,38654206,CA,0718,226,-12.74131274131274,Jul18,,7.913757173022776,2018,7,July2018
06091,.0969030969030969,3059000,California,Sierra County,,06,091,2931,38654206,CA,0115,320,,Jan15,,7.913757173022776,2015,1,January2015
06093,.1192124323828734,3059000,California,Siskiyou County,,06,093,43668,38654206,CA,0718,6219,-2.903981264637001,Jul18,,7.913757173022776,2018,7,July2018
06093,.1192124323828734,3059000,California,Siskiyou County,,06,093,43668,38654206,CA,0117,6591,-1.479820627802686,Jan17,,7.913757173022776,2017,1,January2017
06093,.1192124323828734,3059000,California,Siskiyou County,,06,093,43668,38654206,CA,0716,6690,-5.787917194761305,Jul16,,7.913757173022776,2016,7,July2016
06093,.1192124323828734,3059000,California,Siskiyou County,,06,093,43668,38654206,CA,0115,6987,,Jan15,,7.913757173022776,2015,1,January2015
06093,.1192124323828734,3059000,California,Siskiyou County,,06,093,43668,38654206,CA,0717,6313,-4.217872856926109,Jul17,,7.913757173022776,2017,7,July2017
06093,.1192124323828734,3059000,California,Siskiyou County,,06,093,43668,38654206,CA,0119,6489,4.341534008683068,Jan19,,7.913757173022776,2019,1,January2019
06093,.1192124323828734,3059000,California,Siskiyou County,,06,093,43668,38654206,CA,0715,6983,-.0572491770430839,Jul15,,7.913757173022776,2015,7,July2015
06093,.1192124323828734,3059000,California,Siskiyou County,,06,093,43668,38654206,CA,0116,7101,1.68981812974367,Jan16,,7.913757173022776,2016,1,January2016
06095,.2563536372935372,3059000,California,Solano County,21000,06,095,429596,38654206,CA,0119,34941,-4.712427390984208,Jan19,4.888313671449454,7.913757173022776,2019,1,January2019
06095,.2563536372935372,3059000,California,Solano County,21000,06,095,429596,38654206,CA,0118,37873,-2.89970259460568,Jan18,4.888313671449454,7.913757173022776,2018,1,January2018
06095,.2563536372935372,3059000,California,Solano County,21000,06,095,429596,38654206,CA,0716,41996,-3.159156943227415,Jul16,4.888313671449454,7.913757173022776,2016,7,July2016
06095,.2563536372935372,3059000,California,Solano County,21000,06,095,429596,38654206,CA,0715,43833,1.615819732937696,Jul15,4.888313671449454,7.913757173022776,2015,7,July2015
06095,.2563536372935372,3059000,California,Solano County,21000,06,095,429596,38654206,CA,0116,43366,-1.06540734150069,Jan16,4.888313671449454,7.913757173022776,2016,1,January2016
06095,.2563536372935372,3059000,California,Solano County,21000,06,095,429596,38654206,CA,0717,39004,-2.718611263530701,Jul17,4.888313671449454,7.913757173022776,2017,7,July2017
06095,.2563536372935372,3059000,California,Solano County,21000,06,095,429596,38654206,CA,0115,43136,,Jan15,4.888313671449454,7.913757173022776,2015,1,January2015
06095,.2563536372935372,3059000,California,Solano County,21000,06,095,429596,38654206,CA,0718,36669,-3.179045758191856,Jul18,4.888313671449454,7.913757173022776,2018,7,July2018
06097,.261037554068424,3059000,California,Sonoma County,31000,06,097,497776,38654206,CA,0118,28934,-2.497051390058969,Jan18,6.22770081321719,7.913757173022776,2018,1,January2018
06097,.261037554068424,3059000,California,Sonoma County,31000,06,097,497776,38654206,CA,0115,35320,,Jan15,6.22770081321719,7.913757173022776,2015,1,January2015
06097,.261037554068424,3059000,California,Sonoma County,31000,06,097,497776,38654206,CA,0116,34675,-3.196538246789504,Jan16,6.22770081321719,7.913757173022776,2016,1,January2016
06097,.261037554068424,3059000,California,Sonoma County,31000,06,097,497776,38654206,CA,0119,24776,-9.341724907607308,Jan19,6.22770081321719,7.913757173022776,2019,1,January2019
06097,.261037554068424,3059000,California,Sonoma County,31000,06,097,497776,38654206,CA,0717,29675,-4.010997897460777,Jul17,6.22770081321719,7.913757173022776,2017,7,July2017
06097,.261037554068424,3059000,California,Sonoma County,31000,06,097,497776,38654206,CA,0117,30915,-7.559130460784025,Jan17,6.22770081321719,7.913757173022776,2017,1,January2017
06097,.261037554068424,3059000,California,Sonoma County,31000,06,097,497776,38654206,CA,0716,33443,-3.552992069214134,Jul16,6.22770081321719,7.913757173022776,2016,7,July2016
06097,.261037554068424,3059000,California,Sonoma County,31000,06,097,497776,38654206,CA,0715,35820,1.415628539071356,Jul15,6.22770081321719,7.913757173022776,2015,7,July2015
06099,.4407017332804508,3059000,California,Stanislaus County,36000,06,099,530561,38654206,CA,0116,89889,-2.631122857947532,Jan16,6.785270685180403,7.913757173022776,2016,1,January2016
06099,.4407017332804508,3059000,California,Stanislaus County,36000,06,099,530561,38654206,CA,0718,76023,-4.691280636870809,Jul18,6.785270685180403,7.913757173022776,2018,7,July2018
06099,.4407017332804508,3059000,California,Stanislaus County,36000,06,099,530561,38654206,CA,0115,91334,,Jan15,6.785270685180403,7.913757173022776,2015,1,January2015
06099,.4407017332804508,3059000,California,Stanislaus County,36000,06,099,530561,38654206,CA,0716,87416,-2.751170888540311,Jul16,6.785270685180403,7.913757173022776,2016,7,July2016
06099,.4407017332804508,3059000,California,Stanislaus County,36000,06,099,530561,38654206,CA,0717,82362,-2.746552049877193,Jul17,6.785270685180403,7.913757173022776,2017,7,July2017
06099,.4407017332804508,3059000,California,Stanislaus County,36000,06,099,530561,38654206,CA,0119,72143,-5.103718611472841,Jan19,6.785270685180403,7.913757173022776,2019,1,January2019
06099,.4407017332804508,3059000,California,Stanislaus County,36000,06,099,530561,38654206,CA,0117,84688,-3.12071016747506,Jan17,6.785270685180403,7.913757173022776,2017,1,January2017
06099,.4407017332804508,3059000,California,Stanislaus County,36000,06,099,530561,38654206,CA,0118,79765,-3.153153153153154,Jan18,6.785270685180403,7.913757173022776,2018,1,January2018
06101,.298903460723862,3059000,California,Sutter County,,06,101,95406,38654206,CA,0118,12166,-2.288972773271225,Jan18,,7.913757173022776,2018,1,January2018
06101,.298903460723862,3059000,California,Sutter County,,06,101,95406,38654206,CA,0115,12981,,Jan15,,7.913757173022776,2015,1,January2015
06101,.298903460723862,3059000,California,Sutter County,,06,101,95406,38654206,CA,0715,13152,1.317309914490417,Jul15,,7.913757173022776,2015,7,July2015
06101,.298903460723862,3059000,California,Sutter County,,06,101,95406,38654206,CA,0116,13168,.1216545012165504,Jan16,,7.913757173022776,2016,1,January2016
06101,.298903460723862,3059000,California,Sutter County,,06,101,95406,38654206,CA,0117,12815,-1.650038372985418,Jan17,,7.913757173022776,2017,1,January2017
06101,.298903460723862,3059000,California,Sutter County,,06,101,95406,38654206,CA,0718,11360,-6.625020549071181,Jul18,,7.913757173022776,2018,7,July2018
06101,.298903460723862,3059000,California,Sutter County,,06,101,95406,38654206,CA,0716,13030,-1.047995139732683,Jul16,,7.913757173022776,2016,7,July2016
06101,.298903460723862,3059000,California,Sutter County,,06,101,95406,38654206,CA,0717,12451,-2.840421381193914,Jul17,,7.913757173022776,2017,7,July2017
06103,.240712258391869,3059000,California,Tehama County,,06,103,63015,38654206,CA,0117,9349,-5.879391925903555,Jan17,,7.913757173022776,2017,1,January2017
06103,.240712258391869,3059000,California,Tehama County,,06,103,63015,38654206,CA,0116,10099,-3.873976775176091,Jan16,,7.913757173022776,2016,1,January2016
06103,.240712258391869,3059000,California,Tehama County,,06,103,63015,38654206,CA,0717,9216,-1.422612044068883,Jul17,,7.913757173022776,2017,7,July2017
06103,.240712258391869,3059000,California,Tehama County,,06,103,63015,38654206,CA,0715,10506,2.798434442270059,Jul15,,7.913757173022776,2015,7,July2015
06103,.240712258391869,3059000,California,Tehama County,,06,103,63015,38654206,CA,0718,8803,-1.938286732761496,Jul18,,7.913757173022776,2018,7,July2018
06103,.240712258391869,3059000,California,Tehama County,,06,103,63015,38654206,CA,0716,9933,-1.643727101693238,Jul16,,7.913757173022776,2016,7,July2016
06103,.240712258391869,3059000,California,Tehama County,,06,103,63015,38654206,CA,0115,10220,,Jan15,,7.913757173022776,2015,1,January2015
06103,.240712258391869,3059000,California,Tehama County,,06,103,63015,38654206,CA,0119,8779,-.2726343292059563,Jan19,,7.913757173022776,2019,1,January2019
06105,.0727410782080486,3059000,California,Trinity County,,06,105,13180,38654206,CA,0118,1672,1.765063907486297,Jan18,,7.913757173022776,2018,1,January2018
06105,.0727410782080486,3059000,California,Trinity County,,06,105,13180,38654206,CA,0718,1622,-2.990430622009566,Jul18,,7.913757173022776,2018,7,July2018
06105,.0727410782080486,3059000,California,Trinity County,,06,105,13180,38654206,CA,0119,1668,2.836004932182501,Jan19,,7.913757173022776,2019,1,January2019
06105,.0727410782080486,3059000,California,Trinity County,,06,105,13180,38654206,CA,0716,1708,-4.899777282850781,Jul16,,7.913757173022776,2016,7,July2016
06105,.0727410782080486,3059000,California,Trinity County,,06,105,13180,38654206,CA,0717,1643,-3.918128654970765,Jul17,,7.913757173022776,2017,7,July2017
06105,.0727410782080486,3059000,California,Trinity County,,06,105,13180,38654206,CA,0715,1866,2.02296336796064,Jul15,,7.913757173022776,2015,7,July2015
06105,.0727410782080486,3059000,California,Trinity County,,06,105,13180,38654206,CA,0117,1710,.117096018735352,Jan17,,7.913757173022776,2017,1,January2017
06105,.0727410782080486,3059000,California,Trinity County,,06,105,13180,38654206,CA,0115,1829,,Jan15,,7.913757173022776,2015,1,January2015
06107,.6292192458282228,3059000,California,Tulare County,48000,06,107,455769,38654206,CA,0716,119753,-3.742494514062489,Jul16,10.53165090210172,7.913757173022776,2016,7,July2016
06107,.6292192458282228,3059000,California,Tulare County,48000,06,107,455769,38654206,CA,0116,124409,1.213827216739749,Jan16,10.53165090210172,7.913757173022776,2016,1,January2016
06107,.6292192458282228,3059000,California,Tulare County,48000,06,107,455769,38654206,CA,0718,112020,-3.574840969932769,Jul18,10.53165090210172,7.913757173022776,2018,7,July2018
06107,.6292192458282228,3059000,California,Tulare County,48000,06,107,455769,38654206,CA,0117,119788,.029226825215245,Jan17,10.53165090210172,7.913757173022776,2017,1,January2017
06107,.6292192458282228,3059000,California,Tulare County,48000,06,107,455769,38654206,CA,0715,122917,.0113910970440001,Jul15,10.53165090210172,7.913757173022776,2015,7,July2015
06107,.6292192458282228,3059000,California,Tulare County,48000,06,107,455769,38654206,CA,0119,108077,-3.51990715943582,Jan19,10.53165090210172,7.913757173022776,2019,1,January2019
06107,.6292192458282228,3059000,California,Tulare County,48000,06,107,455769,38654206,CA,0115,122903,,Jan15,10.53165090210172,7.913757173022776,2015,1,January2015
06107,.6292192458282228,3059000,California,Tulare County,48000,06,107,455769,38654206,CA,0717,115920,-3.229037967075166,Jul17,10.53165090210172,7.913757173022776,2017,7,July2017
06109,.115305307350783,3059000,California,Tuolumne County,,06,109,53864,38654206,CA,0718,4635,-1.298977853492334,Jul18,,7.913757173022776,2018,7,July2018
06109,.115305307350783,3059000,California,Tuolumne County,,06,109,53864,38654206,CA,0716,5403,-3.431635388739951,Jul16,,7.913757173022776,2016,7,July2016
06109,.115305307350783,3059000,California,Tuolumne County,,06,109,53864,38654206,CA,0715,5587,3.424657534246567,Jul15,,7.913757173022776,2015,7,July2015
06109,.115305307350783,3059000,California,Tuolumne County,,06,109,53864,38654206,CA,0115,5402,,Jan15,,7.913757173022776,2015,1,January2015
06109,.115305307350783,3059000,California,Tuolumne County,,06,109,53864,38654206,CA,0118,4696,-5.112143867447971,Jan18,,7.913757173022776,2018,1,January2018
06109,.115305307350783,3059000,California,Tuolumne County,,06,109,53864,38654206,CA,0717,4949,-5.984042553191493,Jul17,,7.913757173022776,2017,7,July2017
06109,.115305307350783,3059000,California,Tuolumne County,,06,109,53864,38654206,CA,0116,5595,.1431895471630584,Jan16,,7.913757173022776,2016,1,January2016
06109,.115305307350783,3059000,California,Tuolumne County,,06,109,53864,38654206,CA,0117,5264,-2.57264482694799,Jan17,,7.913757173022776,2017,1,January2017
06111,.4198301066678642,3059000,California,Ventura County,69000,06,111,843110,38654206,CA,0115,73605,,Jan15,8.183985482321406,7.913757173022776,2015,1,January2015
06111,.4198301066678642,3059000,California,Ventura County,69000,06,111,843110,38654206,CA,0715,74349,1.010800896678221,Jul15,8.183985482321406,7.913757173022776,2015,7,July2015
06111,.4198301066678642,3059000,California,Ventura County,69000,06,111,843110,38654206,CA,0117,72660,-1.342855979035695,Jan17,8.183985482321406,7.913757173022776,2017,1,January2017
06111,.4198301066678642,3059000,California,Ventura County,69000,06,111,843110,38654206,CA,0717,67893,-6.560693641618498,Jul17,8.183985482321406,7.913757173022776,2017,7,July2017
06111,.4198301066678642,3059000,California,Ventura County,69000,06,111,843110,38654206,CA,0716,73649,-2.469740710331858,Jul16,8.183985482321406,7.913757173022776,2016,7,July2016
06111,.4198301066678642,3059000,California,Ventura County,69000,06,111,843110,38654206,CA,0119,59911,-6.085307165362974,Jan19,8.183985482321406,7.913757173022776,2019,1,January2019
06111,.4198301066678642,3059000,California,Ventura County,69000,06,111,843110,38654206,CA,0118,66815,-1.587792555933598,Jan18,8.183985482321406,7.913757173022776,2018,1,January2018
06111,.4198301066678642,3059000,California,Ventura County,69000,06,111,843110,38654206,CA,0116,75514,1.566934323259228,Jan16,8.183985482321406,7.913757173022776,2016,1,January2016
06113,.3145479069319331,3059000,California,Yolo County,13000,06,113,209671,38654206,CA,0715,20192,2.627700127064814,Jul15,6.200189821196064,7.913757173022776,2015,7,July2015
06113,.3145479069319331,3059000,California,Yolo County,13000,06,113,209671,38654206,CA,0115,19675,,Jan15,6.200189821196064,7.913757173022776,2015,1,January2015
06113,.3145479069319331,3059000,California,Yolo County,13000,06,113,209671,38654206,CA,0717,18544,-3.772507913445078,Jul17,6.200189821196064,7.913757173022776,2017,7,July2017
06113,.3145479069319331,3059000,California,Yolo County,13000,06,113,209671,38654206,CA,0116,21069,4.343304278922355,Jan16,6.200189821196064,7.913757173022776,2016,1,January2016
06113,.3145479069319331,3059000,California,Yolo County,13000,06,113,209671,38654206,CA,0118,18190,-1.908973252804147,Jan18,6.200189821196064,7.913757173022776,2018,1,January2018
06113,.3145479069319331,3059000,California,Yolo County,13000,06,113,209671,38654206,CA,0716,20439,-2.990175138829565,Jul16,6.200189821196064,7.913757173022776,2016,7,July2016
06113,.3145479069319331,3059000,California,Yolo County,13000,06,113,209671,38654206,CA,0117,19271,-5.71456529184402,Jan17,6.200189821196064,7.913757173022776,2017,1,January2017
06113,.3145479069319331,3059000,California,Yolo County,13000,06,113,209671,38654206,CA,0119,16614,-4.363343311075296,Jan19,6.200189821196064,7.913757173022776,2019,1,January2019
06115,.2720303923424276,3059000,California,Yuba County,,06,115,73897,38654206,CA,0118,12823,-1.550863723608442,Jan18,,7.913757173022776,2018,1,January2018
06115,.2720303923424276,3059000,California,Yuba County,,06,115,73897,38654206,CA,0119,12769,.4483952171176808,Jan19,,7.913757173022776,2019,1,January2019
06115,.2720303923424276,3059000,California,Yuba County,,06,115,73897,38654206,CA,0715,13577,3.278563821694802,Jul15,,7.913757173022776,2015,7,July2015
06115,.2720303923424276,3059000,California,Yuba County,,06,115,73897,38654206,CA,0115,13146,,Jan15,,7.913757173022776,2015,1,January2015
06115,.2720303923424276,3059000,California,Yuba County,,06,115,73897,38654206,CA,0718,12712,-.8656320673789297,Jul18,,7.913757173022776,2018,7,July2018
06115,.2720303923424276,3059000,California,Yuba County,,06,115,73897,38654206,CA,0117,12856,-2.606060606060601,Jan17,,7.913757173022776,2017,1,January2017
06115,.2720303923424276,3059000,California,Yuba County,,06,115,73897,38654206,CA,0716,13200,-2.366863905325445,Jul16,,7.913757173022776,2016,7,July2016
06115,.2720303923424276,3059000,California,Yuba County,,06,115,73897,38654206,CA,0116,13520,-.4198276497016984,Jan16,,7.913757173022776,2016,1,January2016
