,Calc: SNAP Total PA and Non-PA People,County ID,State Abbrev,county_id,state_id,county_state
0,7830.0,0100101,AL,001,01,01001
1,20593.0,0100301,AL,003,01,01003
2,6231.0,0100501,AL,005,01,01005
3,3565.0,0100701,AL,007,01,01007
4,6513.0,0100901,AL,009,01,01009
5,0.0,0100999,AL,009,01,01009
6,2869.0,0101101,AL,011,01,01011
7,5015.0,0101301,AL,013,01,01013
8,21143.0,0101501,AL,015,01,01015
9,6882.0,0101701,AL,017,01,01017
10,4104.0,0101901,AL,019,01,01019
11,7485.0,0102101,AL,021,01,01021
12,3271.0,0102301,AL,023,01,01023
13,5789.0,0102502,AL,025,01,01025
14,1637.0,0102701,AL,027,01,01027
15,2357.0,0102901,AL,029,01,01029
16,7465.0,0103101,AL,031,01,01031
17,7732.0,0103301,AL,033,01,01033
18,3320.0,0103501,AL,035,01,01035
19,1767.0,0103701,AL,037,01,01037
20,7399.0,0103901,AL,039,01,01039
21,3004.0,0104101,AL,041,01,01041
22,10060.0,0104301,AL,043,01,01043
23,9832.0,0104501,AL,045,01,01045
24,14789.0,0104701,AL,047,01,01047
25,13759.0,0104901,AL,049,01,01049
26,10046.0,0105101,AL,051,01,01051
27,8393.0,0105301,AL,053,01,01053
28,14512.0,0105501,AL,055,01,01055
29,3596.0,0105701,AL,057,01,01057
30,5393.0,0105901,AL,059,01,01059
31,5075.0,0106101,AL,061,01,01061
32,2963.0,0106301,AL,063,01,01063
33,3997.0,0106501,AL,065,01,01065
34,2979.0,0106701,AL,067,01,01067
35,19027.0,0106901,AL,069,01,01069
36,7337.0,0107101,AL,071,01,01071
37,110026.0,0107301,AL,073,01,01073
38,2716.0,0107501,AL,075,01,01075
39,11083.0,0107701,AL,077,01,01077
40,6007.0,0107901,AL,079,01,01079
41,16956.0,0108101,AL,081,01,01081
42,9851.0,0108302,AL,083,01,01083
43,3731.0,0108501,AL,085,01,01085
44,5374.0,0108701,AL,087,01,01087
45,39348.0,0108902,AL,089,01,01089
46,5024.0,0109101,AL,091,01,01091
47,5273.0,0109301,AL,093,01,01093
48,15494.0,0109501,AL,095,01,01095
49,87633.0,0109701,AL,097,01,01097
50,4262.0,0109901,AL,099,01,01099
51,52369.0,0110101,AL,101,01,01101
52,16149.0,0110301,AL,103,01,01103
53,3781.0,0110501,AL,105,01,01105
54,3855.0,0110701,AL,107,01,01107
55,6961.0,0110901,AL,109,01,01109
56,4964.0,0111101,AL,111,01,01111
57,13077.0,0111301,AL,113,01,01113
58,10737.0,0111501,AL,115,01,01115
59,12677.0,0111701,AL,117,01,01117
60,3806.0,0111901,AL,119,01,01119
61,13918.0,0112101,AL,121,01,01121
62,7733.0,0112301,AL,123,01,01123
63,26894.0,0112501,AL,125,01,01125
64,11016.0,0112701,AL,127,01,01127
65,3070.0,0112901,AL,129,01,01129
66,4379.0,0113101,AL,131,01,01131
67,3429.0,0113301,AL,133,01,01133
68,96842.0,0211005,AK,110,02,02110
69,24469.0,0400101,AZ,001,04,04001
70,22597.0,0400301,AZ,003,04,04003
71,19240.0,0400501,AZ,005,04,04005
72,11847.0,0400701,AZ,007,04,04007
73,6303.0,0400901,AZ,009,04,04009
74,775.0,0401101,AZ,011,04,04011
75,473276.0,0401301,AZ,013,04,04013
76,36474.0,0401501,AZ,015,04,04015
77,29907.0,0401701,AZ,017,04,04017
78,142736.0,0401901,AZ,019,04,04019
79,51541.0,0402101,AZ,021,04,04021
80,12110.0,0402301,AZ,023,04,04023
81,20403.0,0402501,AZ,025,04,04025
82,43012.0,0402701,AZ,027,04,04027
83,3448.0,0402901,AZ,029,04,04029
84,2971.0,0500101,AR,001,05,05001
85,3400.0,0500301,AR,003,05,05003
86,4721.0,0500501,AR,005,05,05005
87,14060.0,0500701,AR,007,05,05007
88,4839.0,0500901,AR,009,05,05009
89,2188.0,0501101,AR,011,05,05011
90,533.0,0501301,AR,013,05,05013
91,2703.0,0501501,AR,015,05,05015
92,2741.0,0501701,AR,017,05,05017
93,2357.0,0501901,AR,019,05,05019
94,1787.0,0502101,AR,021,05,05021
95,2454.0,0502301,AR,023,05,05023
96,1313.0,0502501,AR,025,05,05025
97,3711.0,0502701,AR,027,05,05027
98,3204.0,0502901,AR,029,05,05029
99,12810.0,0503101,AR,031,05,05031
100,7681.0,0503301,AR,033,05,05033
101,12356.0,0503501,AR,035,05,05035
102,2642.0,0503701,AR,037,05,05037
103,1063.0,0503901,AR,039,05,05039
104,2772.0,0504101,AR,041,05,05041
105,2940.0,0504301,AR,043,05,05043
106,10931.0,0504501,AR,045,05,05045
107,2246.0,0504701,AR,047,05,05047
108,1925.0,0504901,AR,049,05,05049
109,13752.0,0505101,AR,051,05,05051
110,1651.0,0505301,AR,053,05,05053
111,6050.0,0505501,AR,055,05,05055
112,3215.0,0505701,AR,057,05,05057
113,4288.0,0505901,AR,059,05,05059
114,2175.0,0506101,AR,061,05,05061
115,4581.0,0506301,AR,063,05,05063
116,1609.0,0506501,AR,065,05,05065
117,2906.0,0506701,AR,067,05,05067
118,14131.0,0506901,AR,069,05,05069
119,4122.0,0507101,AR,071,05,05071
120,1200.0,0507301,AR,073,05,05073
121,2450.0,0507501,AR,075,05,05075
122,2238.0,0507701,AR,077,05,05077
123,1757.0,0507901,AR,079,05,05079
124,1775.0,0508101,AR,081,05,05081
125,3151.0,0508301,AR,083,05,05083
126,6612.0,0508501,AR,085,05,05085
127,2029.0,0508701,AR,087,05,05087
128,2157.0,0508901,AR,089,05,05089
129,6991.0,0509101,AR,091,05,05091
130,9163.0,0509301,AR,093,05,05093
131,1585.0,0509501,AR,095,05,05095
132,1157.0,0509701,AR,097,05,05097
133,1440.0,0509901,AR,099,05,05099
134,985.0,0510101,AR,101,05,05101
135,4193.0,0510301,AR,103,05,05103
136,1288.0,0510501,AR,105,05,05105
137,6270.0,0510701,AR,107,05,05107
138,1404.0,0510901,AR,109,05,05109
139,4773.0,0511101,AR,111,05,05111
140,3341.0,0511301,AR,113,05,05113
141,6476.0,0511501,AR,115,05,05115
142,928.0,0511701,AR,117,05,05117
143,52392.0,0511901,AR,119,05,05119
144,2262.0,0512101,AR,121,05,05121
145,5692.0,0512301,AR,123,05,05123
146,7903.0,0512501,AR,125,05,05125
147,1698.0,0512701,AR,127,05,05127
148,974.0,0512901,AR,129,05,05129
149,17166.0,0513101,AR,131,05,05131
150,2644.0,0513301,AR,133,05,05133
151,3151.0,0513501,AR,135,05,05135
152,1955.0,0513701,AR,137,05,05137
153,6346.0,0513901,AR,139,05,05139
154,2380.0,0514101,AR,141,05,05141
155,17118.0,0514301,AR,143,05,05143
156,10006.0,0514501,AR,145,05,05145
157,1356.0,0514701,AR,147,05,05147
158,2534.0,0514901,AR,149,05,05149
159,0.0,0515992,AR,159,05,05159
160,0.0,0515996,AR,159,05,05159
161,104148.0,0600105,CA,001,06,06001
162,138.0,0600302,CA,003,06,06003
163,2997.0,0600501,CA,005,06,06005
164,30855.0,0600702,CA,007,06,06007
165,4970.0,0600901,CA,009,06,06009
166,1522.0,0601101,CA,011,06,06011
167,61539.0,0601302,CA,013,06,06013
168,5243.0,0601501,CA,015,06,06015
169,12005.0,0601704,CA,017,06,06017
170,202719.0,0601904,CA,019,06,06019
171,3351.0,0602102,CA,021,06,06021
172,20271.0,0602303,CA,023,06,06023
173,41231.0,0602501,CA,025,06,06025
174,1927.0,0602701,CA,027,06,06027
175,158663.0,0602902,CA,029,06,06029
176,23573.0,0603101,CA,031,06,06031
177,11733.0,0603301,CA,033,06,06033
178,3163.0,0603501,CA,035,06,06035
179,1052354.0,0603720,CA,037,06,06037
180,27606.0,0603902,CA,039,06,06039
181,9432.0,0604102,CA,041,06,06041
182,1823.0,0604301,CA,043,06,06043
183,11656.0,0604501,CA,045,06,06045
184,54321.0,0604701,CA,047,06,06047
185,1149.0,0604901,CA,049,06,06049
186,673.0,0605101,CA,051,06,06051
187,43716.0,0605302,CA,053,06,06053
188,6096.0,0605502,CA,055,06,06055
189,7088.0,0605701,CA,057,06,06057
190,228756.0,0605903,CA,059,06,06059
191,16023.0,0606101,CA,061,06,06061
192,1950.0,0606301,CA,063,06,06063
193,267556.0,0606503,CA,065,06,06065
194,201619.0,0606703,CA,067,06,06067
195,4829.0,0606902,CA,069,06,06069
196,359506.0,0607105,CA,071,06,06071
197,263262.0,0607301,CA,073,06,06073
198,48621.0,0607502,CA,075,06,06075
199,105851.0,0607702,CA,077,06,06077
200,16794.0,0607901,CA,079,06,06079
201,25284.0,0608103,CA,081,06,06081
202,36703.0,0608304,CA,083,06,06083
203,88824.0,0608502,CA,085,06,06085
204,25288.0,0608702,CA,087,06,06087
205,23084.0,0608901,CA,089,06,06089
206,259.0,0609101,CA,091,06,06091
207,6313.0,0609301,CA,093,06,06093
208,39004.0,0609502,CA,095,06,06095
209,29675.0,0609701,CA,097,06,06097
210,82362.0,0609902,CA,099,06,06099
211,12451.0,0610101,CA,101,06,06101
212,9216.0,0610301,CA,103,06,06103
213,1643.0,0610501,CA,105,06,06105
214,115920.0,0610704,CA,107,06,06107
215,4949.0,0610901,CA,109,06,06109
216,67893.0,0611101,CA,111,06,06111
217,18544.0,0611301,CA,113,06,06113
218,13025.0,0611501,CA,115,06,06115
219,3965.0,0800301,CO,003,08,08003
220,1088.0,0800701,CO,007,08,08007
221,585.0,0800901,CO,009,08,08009
222,948.0,0801101,CO,011,08,08011
223,14456.0,0801301,CO,013,08,08013
224,1180.0,0801501,CO,015,08,08015
225,166.0,0801701,CO,017,08,08017
226,487.0,0801901,CO,019,08,08019
227,1561.0,0802101,CO,021,08,08021
228,1109.0,0802301,CO,023,08,08023
229,822.0,0802501,CO,025,08,08025
230,372.0,0802701,CO,027,08,08027
231,3996.0,0802901,CO,029,08,08029
232,76848.0,0803102,CO,031,08,08031
233,177.0,0803301,CO,033,08,08033
234,4401.0,0803501,CO,035,08,08035
235,1230.0,0803701,CO,037,08,08037
236,858.0,0803901,CO,039,08,08039
237,64429.0,0804101,CO,041,08,08041
238,6604.0,0804301,CO,043,08,08043
239,3254.0,0804501,CO,045,08,08045
240,376.0,0804701,CO,047,08,08047
241,424.0,0804901,CO,049,08,08049
242,787.0,0805101,CO,051,08,08051
243,23.0,0805301,CO,053,08,08053
244,1640.0,0805501,CO,055,08,08055
245,82.0,0805701,CO,057,08,08057
246,28163.0,0805901,CO,059,08,08059
247,157.0,0806101,CO,061,08,08061
248,562.0,0806301,CO,063,08,08063
249,452.0,0806501,CO,065,08,08065
250,3471.0,0806701,CO,067,08,08067
251,19687.0,0806901,CO,069,08,08069
252,3008.0,0807101,CO,071,08,08071
253,525.0,0807301,CO,073,08,08073
254,2046.0,0807501,CO,075,08,08075
255,17718.0,0807701,CO,077,08,08077
256,25.0,0807901,CO,079,08,08079
257,1458.0,0808101,CO,081,08,08081
258,4247.0,0808301,CO,083,08,08083
259,4601.0,0808501,CO,085,08,08085
260,2645.0,0808701,CO,087,08,08087
261,4107.0,0808901,CO,089,08,08089
262,168.0,0809101,CO,091,08,08091
263,1012.0,0809301,CO,093,08,08093
264,366.0,0809501,CO,095,08,08095
265,274.0,0809701,CO,097,08,08097
266,2399.0,0809901,CO,099,08,08099
267,37216.0,0810101,CO,101,08,08101
268,479.0,0810301,CO,103,08,08103
269,2084.0,0810501,CO,105,08,08105
270,827.0,0810701,CO,107,08,08107
271,1165.0,0810901,CO,109,08,08109
272,53.0,0811101,CO,111,08,08111
273,272.0,0811301,CO,113,08,08113
274,292.0,0811501,CO,115,08,08115
275,523.0,0811701,CO,117,08,08117
276,1968.0,0811901,CO,119,08,08119
277,423.0,0812101,CO,121,08,08121
278,23103.0,0812301,CO,123,08,08123
279,854.0,0812501,CO,125,08,08125
280,44775.0,0812701,CO,127,08,08127
281,43381.0,0812901,CO,129,08,08129
282,1755.0,0813101,CO,131,08,08131
283,402757.0,0900002,CT,000,09,09000
284,35834.0,1000112,DE,001,10,10001
285,79297.0,1000235,DE,002,10,10002
286,28564.0,1000316,DE,003,10,10003
287,121175.0,1100161,DC,001,11,11001
288,34156.0,1200101,FL,001,12,12001
289,4562.0,1200301,FL,003,12,12003
290,27383.0,1200501,FL,005,12,12005
291,4793.0,1200701,FL,007,12,12007
292,72210.0,1200901,FL,009,12,12009
293,254439.0,1201101,FL,011,12,12011
294,2508.0,1201301,FL,013,12,12013
295,15783.0,1201501,FL,015,12,12015
296,21408.0,1201701,FL,017,12,12017
297,21681.0,1201901,FL,019,12,12019
298,24141.0,1202101,FL,021,12,12021
299,13857.0,1202301,FL,023,12,12023
300,630060.0,1202501,FL,025,12,12025
301,6089.0,1202701,FL,027,12,12027
302,3477.0,1202901,FL,029,12,12029
303,166852.0,1203101,FL,031,12,12031
304,52977.0,1203301,FL,033,12,12033
305,12224.0,1203501,FL,035,12,12035
306,1646.0,1203701,FL,037,12,12037
307,11033.0,1203901,FL,039,12,12039
308,2914.0,1204101,FL,041,12,12041
309,2060.0,1204501,FL,045,12,12045
310,3197.0,1204701,FL,047,12,12047
311,5991.0,1204901,FL,049,12,12049
312,11308.0,1205101,FL,051,12,12051
313,30032.0,1205301,FL,053,12,12053
314,18664.0,1205501,FL,055,12,12055
315,232117.0,1205701,FL,057,12,12057
316,3316.0,1205901,FL,059,12,12059
317,17028.0,1206101,FL,061,12,12061
318,8863.0,1206301,FL,063,12,12063
319,2173.0,1206501,FL,065,12,12065
320,1066.0,1206701,FL,067,12,12067
321,44786.0,1206901,FL,069,12,12069
322,93897.0,1207101,FL,071,12,12071
323,35837.0,1207301,FL,073,12,12073
324,7265.0,1207501,FL,075,12,12075
325,1200.0,1207701,FL,077,12,12077
326,3768.0,1207901,FL,079,12,12079
327,41159.0,1208101,FL,081,12,12081
328,61256.0,1208301,FL,083,12,12083
329,12839.0,1208501,FL,085,12,12085
330,6569.0,1208701,FL,087,12,12087
331,7560.0,1208901,FL,089,12,12089
332,19372.0,1209101,FL,091,12,12091
333,8764.0,1209301,FL,093,12,12093
334,212188.0,1209501,FL,095,12,12095
335,69110.0,1209701,FL,097,12,12097
336,163468.0,1209901,FL,099,12,12099
337,71032.0,1210101,FL,101,12,12101
338,117088.0,1210301,FL,103,12,12103
339,131957.0,1210501,FL,105,12,12105
340,17817.0,1210701,FL,107,12,12107
341,13135.0,1210901,FL,109,12,12109
342,45602.0,1211101,FL,111,12,12111
343,15903.0,1211301,FL,113,12,12113
344,30681.0,1211501,FL,115,12,12115
345,44260.0,1211701,FL,117,12,12117
346,8873.0,1211901,FL,119,12,12119
347,8548.0,1212101,FL,121,12,12121
348,4086.0,1212301,FL,123,12,12123
349,2402.0,1212501,FL,125,12,12125
350,80156.0,1212701,FL,127,12,12127
351,3647.0,1212901,FL,129,12,12129
352,7550.0,1213101,FL,131,12,12131
353,3995.0,1213301,FL,133,12,12133
354,3485.0,1300101,GA,001,13,13001
355,1606.0,1300301,GA,003,13,13003
356,2082.0,1300501,GA,005,13,13005
357,765.0,1300701,GA,007,13,13007
358,7919.0,1300901,GA,009,13,13009
359,2121.0,1301101,GA,011,13,13011
360,9141.0,1301301,GA,013,13,13013
361,14185.0,1301501,GA,015,13,13015
362,3957.0,1301701,GA,017,13,13017
363,3580.0,1301901,GA,019,13,13019
364,37675.0,1302102,GA,021,13,13021
365,2267.0,1302301,GA,023,13,13023
366,3779.0,1302501,GA,025,13,13025
367,2957.0,1302701,GA,027,13,13027
368,3163.0,1302901,GA,029,13,13029
369,10784.0,1303101,GA,031,13,13031
370,5780.0,1303301,GA,033,13,13033
371,4316.0,1303501,GA,035,13,13035
372,1551.0,1303701,GA,037,13,13037
373,6585.0,1303901,GA,039,13,13039
374,2171.0,1304301,GA,043,13,13043
375,18081.0,1304502,GA,045,13,13045
376,8258.0,1304701,GA,047,13,13047
377,1711.0,1304901,GA,049,13,13049
378,37956.0,1305103,GA,051,13,13051
379,836.0,1305301,GA,053,13,13053
380,5290.0,1305501,GA,055,13,13055
381,12259.0,1305701,GA,057,13,13057
382,15150.0,1305901,GA,059,13,13059
383,1033.0,1306101,GA,061,13,13061
384,68948.0,1306301,GA,063,13,13063
385,1630.0,1306501,GA,065,13,13065
386,57396.0,1306702,GA,067,13,13067
387,7966.0,1306901,GA,069,13,13069
388,10160.0,1307101,GA,071,13,13071
389,8854.0,1307301,GA,073,13,13073
390,3788.0,1307501,GA,075,13,13075
391,13143.0,1307702,GA,077,13,13077
392,2018.0,1307901,GA,079,13,13079
393,6386.0,1308101,GA,081,13,13081
394,1703.0,1308301,GA,083,13,13083
395,1761.0,1308501,GA,085,13,13085
396,7074.0,1308701,GA,087,13,13087
397,179613.0,1308903,GA,089,13,13089
398,4012.0,1309105,GA,091,13,13091
399,2324.0,1309301,GA,093,13,13093
400,28204.0,1309501,GA,095,13,13095
401,20935.0,1309701,GA,097,13,13097
402,3133.0,1309901,GA,099,13,13099
403,602.0,1310001,GA,100,13,13100
404,6058.0,1310301,GA,103,13,13103
405,4888.0,1310501,GA,105,13,13105
406,6043.0,1310701,GA,107,13,13107
407,2223.0,1310901,GA,109,13,13109
408,3024.0,1311101,GA,111,13,13111
409,5553.0,1311301,GA,113,13,13113
410,16284.0,1311501,GA,115,13,13115
411,5266.0,1311701,GA,117,13,13117
412,3389.0,1311901,GA,119,13,13119
413,139753.0,1312103,GA,121,13,13121
414,4212.0,1312302,GA,123,13,13123
415,439.0,1312501,GA,125,13,13125
416,12834.0,1312701,GA,127,13,13127
417,7979.0,1312901,GA,129,13,13129
418,4683.0,1313101,GA,131,13,13131
419,2525.0,1313301,GA,133,13,13133
420,67204.0,1313501,GA,135,13,13135
421,4683.0,1313701,GA,137,13,13137
422,17126.0,1313901,GA,139,13,13139
423,1812.0,1314101,GA,141,13,13141
424,5796.0,1314301,GA,143,13,13143
425,2246.0,1314501,GA,145,13,13145
426,4196.0,1314701,GA,147,13,13147
427,2270.0,1314901,GA,149,13,13149
428,27003.0,1315101,GA,151,13,13151
429,20727.0,1315301,GA,153,13,13153
430,1777.0,1315501,GA,155,13,13155
431,6262.0,1315701,GA,157,13,13157
432,2450.0,1315901,GA,159,13,13159
433,3006.0,1316101,GA,161,13,13161
434,3895.0,1316301,GA,163,13,13163
435,2045.0,1316501,GA,165,13,13165
436,1720.0,1316702,GA,167,13,13167
437,3515.0,1316902,GA,169,13,13169
438,3589.0,1317101,GA,171,13,13171
439,1934.0,1317301,GA,173,13,13173
440,11726.0,1317501,GA,175,13,13175
441,3994.0,1317701,GA,177,13,13177
442,9277.0,1317901,GA,179,13,13179
443,1340.0,1318101,GA,181,13,13181
444,2863.0,1318301,GA,183,13,13183
445,20028.0,1318501,GA,185,13,13185
446,3319.0,1318701,GA,187,13,13187
447,5396.0,1318901,GA,189,13,13189
448,2067.0,1319101,GA,191,13,13191
449,2645.0,1319301,GA,193,13,13193
450,3974.0,1319501,GA,195,13,13195
451,1930.0,1319701,GA,197,13,13197
452,4533.0,1319901,GA,199,13,13199
453,1482.0,1320101,GA,201,13,13201
454,5824.0,1320503,GA,205,13,13205
455,3134.0,1320701,GA,207,13,13207
456,1390.0,1320901,GA,209,13,13209
457,2619.0,1321101,GA,211,13,13211
458,7162.0,1321301,GA,213,13,13213
459,39966.0,1321502,GA,215,13,13215
460,19375.0,1321701,GA,217,13,13217
461,1423.0,1321901,GA,219,13,13219
462,1678.0,1322101,GA,221,13,13221
463,14489.0,1322301,GA,223,13,13223
464,4960.0,1322502,GA,225,13,13225
465,3586.0,1322701,GA,227,13,13227
466,3345.0,1322901,GA,229,13,13229
467,2036.0,1323101,GA,231,13,13231
468,9383.0,1323301,GA,233,13,13233
469,1725.0,1323501,GA,235,13,13235
470,3534.0,1323701,GA,237,13,13237
471,634.0,1323901,GA,239,13,13239
472,1821.0,1324101,GA,241,13,13241
473,2127.0,1324301,GA,243,13,13243
474,46058.0,1324501,GA,245,13,13245
475,15187.0,1324702,GA,247,13,13247
476,834.0,1324901,GA,249,13,13249
477,3158.0,1325101,GA,251,13,13251
478,2233.0,1325301,GA,253,13,13253
479,14980.0,1325501,GA,255,13,13255
480,5646.0,1325701,GA,257,13,13257
481,1232.0,1325902,GA,259,13,13259
482,8884.0,1326101,GA,261,13,13261
483,1406.0,1326302,GA,263,13,13263
484,420.0,1326501,GA,265,13,13265
485,3811.0,1326701,GA,267,13,13267
486,1892.0,1326902,GA,269,13,13269
487,2651.0,1327101,GA,271,13,13271
488,3091.0,1327302,GA,273,13,13273
489,10233.0,1327501,GA,275,13,13275
490,8200.0,1327702,GA,277,13,13277
491,5574.0,1327901,GA,279,13,13279
492,828.0,1328102,GA,281,13,13281
493,1499.0,1328302,GA,283,13,13283
494,12125.0,1328501,GA,285,13,13285
495,2166.0,1328701,GA,287,13,13287
496,1714.0,1328901,GA,289,13,13289
497,2268.0,1329101,GA,291,13,13291
498,6635.0,1329302,GA,293,13,13293
499,9630.0,1329502,GA,295,13,13295
500,11032.0,1329701,GA,297,13,13297
501,8663.0,1329901,GA,299,13,13299
502,1313.0,1330101,GA,301,13,13301
503,4541.0,1330303,GA,303,13,13303
504,6041.0,1330501,GA,305,13,13305
505,577.0,1330702,GA,307,13,13307
506,1111.0,1330901,GA,309,13,13309
507,3216.0,1331101,GA,311,13,13311
508,13142.0,1331302,GA,313,13,13313
509,1685.0,1331501,GA,315,13,13315
510,2214.0,1331701,GA,317,13,13317
511,2004.0,1331901,GA,319,13,13319
512,4316.0,1332101,GA,321,13,13321
513,44973.0,1400002,GU,000,14,14000
514,43986.0,1500101,HI,001,15,15001
515,95030.0,1500306,HI,003,15,15003
516,8417.0,1500701,HI,007,15,15007
517,19374.0,1500901,HI,009,15,15009
518,164675.0,1600003,ID,000,16,16000
519,15233.0,1700101,IL,001,17,17001
520,0.0,1700301,IL,003,17,17003
521,0.0,1700501,IL,005,17,17005
522,6389.0,1701101,IL,011,17,17011
523,2260.0,1701201,IL,012,17,17012
524,0.0,1701501,IL,015,17,17015
525,2926.0,1701701,IL,017,17,17017
526,27918.0,1701901,IL,019,17,17019
527,5925.0,1702101,IL,021,17,17021
528,0.0,1702501,IL,025,17,17025
529,0.0,1702701,IL,027,17,17027
530,23561.0,1702901,IL,029,17,17029
531,0.0,1703100,IL,031,17,17031
532,4045.0,1703101,IL,031,17,17031
533,18948.0,1703106,IL,031,17,17031
534,0.0,1703108,IL,031,17,17031
535,33835.0,1703109,IL,031,17,17031
536,74541.0,1703110,IL,031,17,17031
537,82381.0,1703111,IL,031,17,17031
538,76328.0,1703112,IL,031,17,17031
539,40618.0,1703113,IL,031,17,17031
540,0.0,1703114,IL,031,17,17031
541,62834.0,1703115,IL,031,17,17031
542,0.0,1703116,IL,031,17,17031
543,0.0,1703117,IL,031,17,17031
544,83760.0,1703118,IL,031,17,17031
545,0.0,1703119,IL,031,17,17031
546,30141.0,1703120,IL,031,17,17031
547,61992.0,1703121,IL,031,17,17031
548,0.0,1703122,IL,031,17,17031
549,0.0,1703123,IL,031,17,17031
550,4181.0,1703124,IL,031,17,17031
551,45039.0,1703125,IL,031,17,17031
552,0.0,1703126,IL,031,17,17031
553,0.0,1703127,IL,031,17,17031
554,67723.0,1703128,IL,031,17,17031
555,100986.0,1703130,IL,031,17,17031
556,0.0,1703131,IL,031,17,17031
557,43543.0,1703132,IL,031,17,17031
558,43267.0,1703133,IL,031,17,17031
559,0.0,1703134,IL,031,17,17031
560,0.0,1703135,IL,031,17,17031
561,3601.0,1703301,IL,033,17,17033
562,12024.0,1703701,IL,037,17,17037
563,0.0,1704101,IL,041,17,17041
564,61418.0,1704301,IL,043,17,17043
565,0.0,1704501,IL,045,17,17045
566,0.0,1704901,IL,049,17,17049
567,0.0,1705101,IL,051,17,17051
568,9977.0,1705501,IL,055,17,17055
569,5758.0,1705701,IL,057,17,17057
570,0.0,1706101,IL,061,17,17061
571,0.0,1706501,IL,065,17,17065
572,2.0,1706701,IL,067,17,17067
573,6611.0,1707301,IL,073,17,17073
574,0.0,1707501,IL,075,17,17075
575,13577.0,1707701,IL,077,17,17077
576,10505.0,1708101,IL,081,17,17081
577,6203.0,1708301,IL,083,17,17083
578,0.0,1708501,IL,085,17,17085
579,83971.0,1708901,IL,089,17,17089
580,23808.0,1709101,IL,091,17,17091
581,0.0,1709301,IL,093,17,17093
582,9471.0,1709501,IL,095,17,17095
583,61192.0,1709701,IL,097,17,17097
584,20745.0,1709901,IL,099,17,17099
585,0.0,1710101,IL,101,17,17101
586,0.0,1710501,IL,105,17,17105
587,7766.0,1710701,IL,107,17,17107
588,4080.0,1710901,IL,109,17,17109
589,19520.0,1711101,IL,111,17,17111
590,24280.0,1711301,IL,113,17,17113
591,24518.0,1711501,IL,115,17,17115
592,6694.0,1711701,IL,117,17,17117
593,39402.0,1711901,IL,119,17,17119
594,15636.0,1712101,IL,121,17,17121
595,0.0,1712301,IL,123,17,17123
596,2442.0,1712501,IL,125,17,17125
597,3839.0,1712701,IL,127,17,17127
598,6190.0,1713501,IL,135,17,17135
599,6951.0,1713701,IL,137,17,17137
600,0.0,1713901,IL,139,17,17139
601,9182.0,1714101,IL,141,17,17141
602,38810.0,1714301,IL,143,17,17143
603,0.0,1714901,IL,149,17,17149
604,0.0,1715101,IL,151,17,17151
605,4029.0,1715301,IL,153,17,17153
606,6227.0,1715701,IL,157,17,17157
607,7521.0,1715901,IL,159,17,17159
608,24016.0,1716101,IL,161,17,17161
609,46662.0,1716301,IL,163,17,17163
610,9720.0,1716501,IL,165,17,17165
611,34787.0,1716703,IL,167,17,17167
612,0.0,1716901,IL,169,17,17169
613,0.0,1717301,IL,173,17,17173
614,10351.0,1717701,IL,177,17,17177
615,17204.0,1717901,IL,179,17,17179
616,5069.0,1718101,IL,181,17,17181
617,18885.0,1718301,IL,183,17,17183
618,4731.0,1718501,IL,185,17,17185
619,4670.0,1718701,IL,187,17,17187
620,0.0,1719301,IL,193,17,17193
621,10238.0,1719501,IL,195,17,17195
622,71023.0,1719701,IL,197,17,17197
623,12750.0,1719901,IL,199,17,17199
624,66392.0,1720101,IL,201,17,17201
625,896.0,1720102,IL,201,17,17201
626,0.0,1720103,IL,201,17,17201
627,0.0,1720104,IL,201,17,17201
628,1979.0,1800101,IN,001,18,18001
629,39197.0,1800301,IN,003,18,18003
630,6017.0,1800501,IN,005,18,18005
631,1062.0,1800701,IN,007,18,18007
632,1549.0,1800901,IN,009,18,18009
633,2472.0,1801101,IN,011,18,18011
634,987.0,1801301,IN,013,18,18013
635,1176.0,1801501,IN,015,18,18015
636,4019.0,1801701,IN,017,18,18017
637,8912.0,1801901,IN,019,18,18019
638,2924.0,1802101,IN,021,18,18021
639,3317.0,1802301,IN,023,18,18023
640,1135.0,1802501,IN,025,18,18025
641,2759.0,1802701,IN,027,18,18027
642,3414.0,1802901,IN,029,18,18029
643,2138.0,1803101,IN,031,18,18031
644,2924.0,1803301,IN,033,18,18033
645,14230.0,1803501,IN,035,18,18035
646,1370.0,1803701,IN,037,18,18037
647,15915.0,1803901,IN,039,18,18039
648,3397.0,1804101,IN,041,18,18041
649,6702.0,1804301,IN,043,18,18043
650,1518.0,1804501,IN,045,18,18045
651,1355.0,1804701,IN,047,18,18047
652,1873.0,1804901,IN,049,18,18049
653,2546.0,1805101,IN,051,18,18051
654,9704.0,1805301,IN,053,18,18053
655,3299.0,1805501,IN,055,18,18055
656,7396.0,1805701,IN,057,18,18057
657,3447.0,1805901,IN,059,18,18059
658,2747.0,1806101,IN,061,18,18061
659,5423.0,1806301,IN,063,18,18063
660,5256.0,1806501,IN,065,18,18065
661,10541.0,1806701,IN,067,18,18067
662,2985.0,1806901,IN,069,18,18069
663,3749.0,1807101,IN,071,18,18071
664,2667.0,1807301,IN,073,18,18073
665,1827.0,1807501,IN,075,18,18075
666,3169.0,1807701,IN,077,18,18077
667,2678.0,1807901,IN,079,18,18079
668,8694.0,1808101,IN,081,18,18081
669,4314.0,1808301,IN,083,18,18083
670,5003.0,1808501,IN,085,18,18085
671,1292.0,1808701,IN,087,18,18087
672,68567.0,1808901,IN,089,18,18089
673,14471.0,1809101,IN,091,18,18091
674,3957.0,1809301,IN,093,18,18093
675,16713.0,1809501,IN,095,18,18095
676,146241.0,1809701,IN,097,18,18097
677,3072.0,1809901,IN,099,18,18099
678,782.0,1810101,IN,101,18,18101
679,3978.0,1810301,IN,103,18,18103
680,8043.0,1810501,IN,105,18,18105
681,3294.0,1810701,IN,107,18,18107
682,5670.0,1810901,IN,109,18,18109
683,1491.0,1811101,IN,111,18,18111
684,3166.0,1811301,IN,113,18,18113
685,306.0,1811501,IN,115,18,18115
686,2042.0,1811701,IN,117,18,18117
687,2138.0,1811901,IN,119,18,18119
688,1632.0,1812101,IN,121,18,18121
689,1575.0,1812301,IN,123,18,18123
690,983.0,1812501,IN,125,18,18125
691,10449.0,1812701,IN,127,18,18127
692,1937.0,1812901,IN,129,18,18129
693,1165.0,1813101,IN,131,18,18131
694,2694.0,1813301,IN,133,18,18133
695,2874.0,1813501,IN,135,18,18135
696,2108.0,1813701,IN,137,18,18137
697,1521.0,1813901,IN,139,18,18139
698,30948.0,1814101,IN,141,18,18141
699,3103.0,1814301,IN,143,18,18143
700,3773.0,1814501,IN,145,18,18145
701,1251.0,1814701,IN,147,18,18147
702,2944.0,1814901,IN,149,18,18149
703,2221.0,1815101,IN,151,18,18151
704,2236.0,1815301,IN,153,18,18153
705,1067.0,1815501,IN,155,18,18155
706,13166.0,1815701,IN,157,18,18157
707,770.0,1815901,IN,159,18,18159
708,617.0,1816101,IN,161,18,18161
709,19698.0,1816301,IN,163,18,18163
710,1914.0,1816501,IN,165,18,18165
711,13893.0,1816701,IN,167,18,18167
712,2499.0,1816901,IN,169,18,18169
713,552.0,1817101,IN,171,18,18171
714,2725.0,1817301,IN,173,18,18173
715,2778.0,1817501,IN,175,18,18175
716,8546.0,1817701,IN,177,18,18177
717,1485.0,1817901,IN,179,18,18179
718,1698.0,1818101,IN,181,18,18181
719,1539.0,1818301,IN,183,18,18183
720,739.0,1900101,IA,001,19,19001
721,363.0,1900301,IA,003,19,19003
722,1388.0,1900501,IA,005,19,19005
723,1863.0,1900701,IA,007,19,19007
724,477.0,1900901,IA,009,19,19009
725,1937.0,1901101,IA,011,19,19011
726,18588.0,1901301,IA,013,19,19013
727,2197.0,1901501,IA,015,19,19015
728,1245.0,1901701,IA,017,19,19017
729,1591.0,1901901,IA,019,19,19019
730,2410.0,1902101,IA,021,19,19021
731,1263.0,1902301,IA,023,19,19023
732,840.0,1902501,IA,025,19,19025
733,1768.0,1902701,IA,027,19,19027
734,1735.0,1902901,IA,029,19,19029
735,1234.0,1903101,IA,031,19,19031
736,5033.0,1903301,IA,033,19,19033
737,936.0,1903501,IA,035,19,19035
738,881.0,1903701,IA,037,19,19037
739,1370.0,1903901,IA,039,19,19039
740,1671.0,1904101,IA,041,19,19041
741,1238.0,1904301,IA,043,19,19043
742,7533.0,1904501,IA,045,19,19045
743,1971.0,1904701,IA,047,19,19047
744,3473.0,1904901,IA,049,19,19049
745,612.0,1905101,IA,051,19,19051
746,1219.0,1905301,IA,053,19,19053
747,1188.0,1905501,IA,055,19,19055
748,7007.0,1905701,IA,057,19,19057
749,1163.0,1905901,IA,059,19,19059
750,10317.0,1906101,IA,061,19,19061
751,1037.0,1906301,IA,063,19,19063
752,2546.0,1906501,IA,065,19,19065
753,1943.0,1906701,IA,067,19,19067
754,1068.0,1906901,IA,069,19,19069
755,917.0,1907101,IA,071,19,19071
756,1227.0,1907301,IA,073,19,19073
757,692.0,1907501,IA,075,19,19075
758,976.0,1907701,IA,077,19,19077
759,1228.0,1907901,IA,079,19,19079
760,759.0,1908101,IA,081,19,19081
761,1797.0,1908301,IA,083,19,19083
762,1527.0,1908501,IA,085,19,19085
763,2366.0,1908701,IA,087,19,19087
764,641.0,1908901,IA,089,19,19089
765,813.0,1909101,IA,091,19,19091
766,529.0,1909301,IA,093,19,19093
767,980.0,1909501,IA,095,19,19095
768,2093.0,1909701,IA,097,19,19097
769,4040.0,1909901,IA,099,19,19099
770,2038.0,1910101,IA,101,19,19101
771,10707.0,1910301,IA,103,19,19103
772,1631.0,1910501,IA,105,19,19105
773,1088.0,1910701,IA,107,19,19107
774,1111.0,1910901,IA,109,19,19109
775,5740.0,1911102,IA,111,19,19111
776,26836.0,1911301,IA,113,19,19113
777,962.0,1911501,IA,115,19,19115
778,1196.0,1911701,IA,117,19,19117
779,568.0,1911901,IA,119,19,19119
780,1095.0,1912101,IA,121,19,19121
781,2823.0,1912301,IA,123,19,19123
782,2833.0,1912501,IA,125,19,19125
783,5417.0,1912701,IA,127,19,19127
784,1409.0,1912901,IA,129,19,19129
785,626.0,1913101,IA,131,19,19131
786,1189.0,1913301,IA,133,19,19133
787,798.0,1913501,IA,135,19,19135
788,1642.0,1913701,IA,137,19,19137
789,6284.0,1913901,IA,139,19,19139
790,1087.0,1914101,IA,141,19,19141
791,429.0,1914301,IA,143,19,19143
792,1995.0,1914501,IA,145,19,19145
793,778.0,1914701,IA,147,19,19147
794,1543.0,1914901,IA,149,19,19149
795,815.0,1915101,IA,151,19,19151
796,67020.0,1915301,IA,153,19,19153
797,14988.0,1915501,IA,155,19,19155
798,1322.0,1915701,IA,157,19,19157
799,503.0,1915901,IA,159,19,19159
800,802.0,1916101,IA,161,19,19161
801,27720.0,1916301,IA,163,19,19163
802,1016.0,1916501,IA,165,19,19165
803,1433.0,1916701,IA,167,19,19167
804,5246.0,1916901,IA,169,19,19169
805,1717.0,1917101,IA,171,19,19171
806,624.0,1917301,IA,173,19,19173
807,1876.0,1917501,IA,175,19,19175
808,764.0,1917701,IA,177,19,19177
809,6042.0,1917901,IA,179,19,19179
810,3151.0,1918101,IA,181,19,19181
811,1896.0,1918301,IA,183,19,19183
812,797.0,1918501,IA,185,19,19185
813,5934.0,1918701,IA,187,19,19187
814,868.0,1918901,IA,189,19,19189
815,922.0,1919101,IA,191,19,19191
816,16780.0,1919301,IA,193,19,19193
817,575.0,1919501,IA,195,19,19195
818,1573.0,1919701,IA,197,19,19197
819,1550.0,2000101,KS,001,20,20001
820,593.0,2000301,KS,003,20,20003
821,1868.0,2000501,KS,005,20,20005
822,206.0,2000701,KS,007,20,20007
823,2468.0,2000901,KS,009,20,20009
824,1906.0,2001101,KS,011,20,20011
825,1072.0,2001301,KS,013,20,20013
826,4429.0,2001501,KS,015,20,20015
827,127.0,2001701,KS,017,20,20017
828,416.0,2001901,KS,019,20,20019
829,2688.0,2002101,KS,021,20,20021
830,104.0,2002301,KS,023,20,20023
831,124.0,2002501,KS,025,20,20025
832,472.0,2002701,KS,027,20,20027
833,659.0,2002901,KS,029,20,20029
834,593.0,2003101,KS,031,20,20031
835,98.0,2003301,KS,033,20,20033
836,4856.0,2003501,KS,035,20,20035
837,5062.0,2003701,KS,037,20,20037
838,179.0,2003901,KS,039,20,20039
839,1275.0,2004101,KS,041,20,20041
840,621.0,2004301,KS,043,20,20043
841,6089.0,2004501,KS,045,20,20045
842,202.0,2004701,KS,047,20,20047
843,264.0,2004901,KS,049,20,20049
844,1441.0,2005101,KS,051,20,20051
845,238.0,2005301,KS,053,20,20053
846,3304.0,2005501,KS,055,20,20055
847,2958.0,2005701,KS,057,20,20057
848,2156.0,2005901,KS,059,20,20059
849,3023.0,2006101,KS,061,20,20061
850,56.0,2006301,KS,063,20,20063
851,159.0,2006501,KS,065,20,20065
852,414.0,2006701,KS,067,20,20067
853,184.0,2006901,KS,069,20,20069
854,60.0,2007101,KS,071,20,20071
855,649.0,2007301,KS,073,20,20073
856,169.0,2007501,KS,075,20,20075
857,486.0,2007701,KS,077,20,20077
858,2629.0,2007901,KS,079,20,20079
859,181.0,2008101,KS,081,20,20081
860,92.0,2008301,KS,083,20,20083
861,806.0,2008501,KS,085,20,20085
862,831.0,2008701,KS,087,20,20087
863,153.0,2008901,KS,089,20,20089
864,14778.0,2009101,KS,091,20,20091
865,247.0,2009301,KS,093,20,20093
866,350.0,2009501,KS,095,20,20095
867,147.0,2009701,KS,097,20,20097
868,2701.0,2009901,KS,099,20,20099
869,81.0,2010101,KS,101,20,20101
870,4077.0,2010301,KS,103,20,20103
871,204.0,2010501,KS,105,20,20105
872,919.0,2010701,KS,107,20,20107
873,135.0,2010901,KS,109,20,20109
874,2581.0,2011101,KS,111,20,20111
875,1476.0,2011301,KS,113,20,20113
876,607.0,2011501,KS,115,20,20115
877,624.0,2011701,KS,117,20,20117
878,152.0,2011901,KS,119,20,20119
879,2181.0,2012101,KS,121,20,20121
880,297.0,2012301,KS,123,20,20123
881,4916.0,2012501,KS,125,20,20125
882,334.0,2012701,KS,127,20,20127
883,154.0,2012901,KS,129,20,20129
884,393.0,2013101,KS,131,20,20131
885,1874.0,2013301,KS,133,20,20133
886,118.0,2013501,KS,135,20,20135
887,277.0,2013701,KS,137,20,20137
888,1206.0,2013901,KS,139,20,20139
889,202.0,2014101,KS,141,20,20141
890,328.0,2014301,KS,143,20,20143
891,469.0,2014501,KS,145,20,20145
892,334.0,2014701,KS,147,20,20147
893,1040.0,2014901,KS,149,20,20149
894,527.0,2015101,KS,151,20,20151
895,128.0,2015301,KS,153,20,20153
896,6395.0,2015501,KS,155,20,20155
897,223.0,2015701,KS,157,20,20157
898,773.0,2015901,KS,159,20,20159
899,2872.0,2016101,KS,161,20,20161
900,322.0,2016301,KS,163,20,20163
901,253.0,2016501,KS,165,20,20165
902,687.0,2016701,KS,167,20,20167
903,5543.0,2016901,KS,169,20,20169
904,241.0,2017101,KS,171,20,20171
905,59829.0,2017301,KS,173,20,20173
906,1632.0,2017501,KS,175,20,20175
907,20465.0,2017701,KS,177,20,20177
908,69.0,2017901,KS,179,20,20179
909,490.0,2018101,KS,181,20,20181
910,194.0,2018301,KS,183,20,20183
911,319.0,2018501,KS,185,20,20185
912,76.0,2018701,KS,187,20,20187
913,188.0,2018901,KS,189,20,20189
914,2030.0,2019101,KS,191,20,20191
915,335.0,2019301,KS,193,20,20193
916,127.0,2019501,KS,195,20,20195
917,274.0,2019701,KS,197,20,20197
918,83.0,2019901,KS,199,20,20199
919,233.0,2020101,KS,201,20,20201
920,100.0,2020301,KS,203,20,20203
921,1092.0,2020501,KS,205,20,20205
922,358.0,2020701,KS,207,20,20207
923,24274.0,2020901,KS,209,20,20209
924,3333.0,2100101,KY,001,21,21001
925,2820.0,2100301,KY,003,21,21003
926,2113.0,2100501,KY,005,21,21005
927,1051.0,2100701,KY,007,21,21007
928,6893.0,2100901,KY,009,21,21009
929,2748.0,2101101,KY,011,21,21011
930,8933.0,2101301,KY,013,21,21013
931,7768.0,2101501,KY,015,21,21015
932,3068.0,2101701,KY,017,21,21017
933,8693.0,2101901,KY,019,21,21019
934,3794.0,2102101,KY,021,21,21021
935,1356.0,2102301,KY,023,21,21023
936,5093.0,2102501,KY,025,21,21025
937,3476.0,2102701,KY,027,21,21027
938,6280.0,2102901,KY,029,21,21029
939,2157.0,2103101,KY,031,21,21031
940,1819.0,2103301,KY,033,21,21033
941,3256.0,2103501,KY,035,21,21035
942,7423.0,2103701,KY,037,21,21037
943,687.0,2103901,KY,039,21,21039
944,1919.0,2104101,KY,041,21,21041
945,5662.0,2104301,KY,043,21,21043
946,3392.0,2104501,KY,045,21,21045
947,10234.0,2104701,KY,047,21,21047
948,5445.0,2104901,KY,049,21,21049
949,7666.0,2105101,KY,051,21,21051
950,2570.0,2105301,KY,053,21,21053
951,1061.0,2105501,KY,055,21,21055
952,1429.0,2105701,KY,057,21,21057
953,11536.0,2105901,KY,059,21,21059
954,1929.0,2106101,KY,061,21,21061
955,1934.0,2106301,KY,063,21,21063
956,4024.0,2106501,KY,065,21,21065
957,29312.0,2106703,KY,067,21,21067
958,2577.0,2106901,KY,069,21,21069
959,12086.0,2107101,KY,071,21,21071
960,6018.0,2107301,KY,073,21,21073
961,1688.0,2107501,KY,075,21,21075
962,1070.0,2107701,KY,077,21,21077
963,2688.0,2107901,KY,079,21,21079
964,3538.0,2108101,KY,081,21,21081
965,5595.0,2108301,KY,083,21,21083
966,4549.0,2108501,KY,085,21,21085
967,1754.0,2108701,KY,087,21,21087
968,5463.0,2108901,KY,089,21,21089
969,900.0,2109101,KY,091,21,21091
970,11167.0,2109301,KY,093,21,21093
971,9791.0,2109501,KY,095,21,21095
972,2614.0,2109701,KY,097,21,21097
973,3031.0,2109901,KY,099,21,21099
974,6280.0,2110101,KY,101,21,21101
975,2002.0,2110301,KY,103,21,21103
976,780.0,2110501,KY,105,21,21105
977,7023.0,2110701,KY,107,21,21107
978,3941.0,2110901,KY,109,21,21109
979,94252.0,2111103,KY,111,21,21111
980,6254.0,2111301,KY,113,21,21113
981,5935.0,2111501,KY,115,21,21115
982,17017.0,2111703,KY,117,21,21117
983,5142.0,2111901,KY,119,21,21119
984,10607.0,2112101,KY,121,21,21121
985,2016.0,2112301,KY,123,21,21123
986,12881.0,2112501,KY,125,21,21125
987,4374.0,2112701,KY,127,21,21127
988,2495.0,2112901,KY,129,21,21129
989,3423.0,2113101,KY,131,21,21131
990,7107.0,2113301,KY,133,21,21133
991,3464.0,2113501,KY,135,21,21135
992,4828.0,2113701,KY,137,21,21137
993,1257.0,2113901,KY,139,21,21139
994,3471.0,2114101,KY,141,21,21141
995,681.0,2114301,KY,143,21,21143
996,8784.0,2114501,KY,145,21,21145
997,5708.0,2114701,KY,147,21,21147
998,1201.0,2114901,KY,149,21,21149
999,11591.0,2115101,KY,151,21,21151
1000,4481.0,2115301,KY,153,21,21153
1001,2978.0,2115501,KY,155,21,21155
1002,3481.0,2115701,KY,157,21,21157
1003,3814.0,2115901,KY,159,21,21159
1004,3218.0,2116101,KY,161,21,21161
1005,2967.0,2116301,KY,163,21,21163
1006,1648.0,2116501,KY,165,21,21165
1007,2848.0,2116701,KY,167,21,21167
1008,2144.0,2116901,KY,169,21,21169
1009,2260.0,2117101,KY,171,21,21171
1010,5001.0,2117301,KY,173,21,21173
1011,2901.0,2117501,KY,175,21,21175
1012,5099.0,2117701,KY,177,21,21177
1013,4880.0,2117901,KY,179,21,21179
1014,1351.0,2118101,KY,181,21,21181
1015,3978.0,2118301,KY,183,21,21183
1016,1724.0,2118501,KY,185,21,21185
1017,1568.0,2118701,KY,187,21,21187
1018,1935.0,2118901,KY,189,21,21189
1019,2055.0,2119101,KY,191,21,21191
1020,9368.0,2119301,KY,193,21,21193
1021,14860.0,2119501,KY,195,21,21195
1022,3557.0,2119701,KY,197,21,21197
1023,11747.0,2119901,KY,199,21,21199
1024,405.0,2120101,KY,201,21,21201
1025,3609.0,2120301,KY,203,21,21203
1026,4092.0,2120501,KY,205,21,21205
1027,3848.0,2120701,KY,207,21,21207
1028,4964.0,2120901,KY,209,21,21209
1029,3431.0,2121101,KY,211,21,21211
1030,2183.0,2121301,KY,213,21,21213
1031,1138.0,2121501,KY,215,21,21215
1032,4293.0,2121701,KY,217,21,21217
1033,1879.0,2121901,KY,219,21,21219
1034,1480.0,2122101,KY,221,21,21221
1035,965.0,2122301,KY,223,21,21223
1036,1967.0,2122501,KY,225,21,21225
1037,14961.0,2122701,KY,227,21,21227
1038,1786.0,2122901,KY,229,21,21229
1039,5097.0,2123101,KY,231,21,21231
1040,1711.0,2123301,KY,233,21,21233
1041,9867.0,2123501,KY,235,21,21235
1042,2572.0,2123701,KY,237,21,21237
1043,2247.0,2123901,KY,239,21,21239
1044,14713.0,2200101,LA,001,22,22001
1045,4429.0,2200301,LA,003,22,22003
1046,13185.0,2200501,LA,005,22,22005
1047,4493.0,2200701,LA,007,22,22007
1048,10809.0,2200901,LA,009,22,22009
1049,5222.0,2201101,LA,011,22,22011
1050,3471.0,2201301,LA,013,22,22013
1051,17184.0,2201501,LA,015,22,22015
1052,58068.0,2201701,LA,017,22,22017
1053,31651.0,2201901,LA,019,22,22019
1054,2176.0,2202101,LA,021,22,22021
1055,776.0,2202301,LA,023,22,22023
1056,2341.0,2202501,LA,025,22,22025
1057,3400.0,2202701,LA,027,22,22027
1058,5438.0,2202901,LA,029,22,22029
1059,5620.0,2203101,LA,031,22,22031
1060,80454.0,2203301,LA,033,22,22033
1061,2725.0,2203501,LA,035,22,22035
1062,3169.0,2203701,LA,037,22,22037
1063,8767.0,2203901,LA,039,22,22039
1064,5694.0,2204101,LA,041,22,22041
1065,3942.0,2204301,LA,043,22,22043
1066,19379.0,2204501,LA,045,22,22045
1067,7488.0,2204701,LA,047,22,22047
1068,2810.0,2204901,LA,049,22,22049
1069,68002.0,2205101,LA,051,22,22051
1070,5808.0,2205301,LA,053,22,22053
1071,36938.0,2205501,LA,055,22,22055
1072,16383.0,2205701,LA,057,22,22057
1073,2360.0,2205901,LA,059,22,22059
1074,7963.0,2206101,LA,061,22,22061
1075,16448.0,2206301,LA,063,22,22063
1076,3948.0,2206501,LA,065,22,22065
1077,8079.0,2206701,LA,067,22,22067
1078,9288.0,2206901,LA,069,22,22069
1079,87091.0,2207101,LA,071,22,22071
1080,35812.0,2207301,LA,073,22,22073
1081,3102.0,2207501,LA,075,22,22075
1082,4453.0,2207701,LA,077,22,22077
1083,28577.0,2207901,LA,079,22,22079
1084,2382.0,2208101,LA,081,22,22081
1085,5016.0,2208301,LA,083,22,22083
1086,4987.0,2208501,LA,085,22,22085
1087,9838.0,2208701,LA,087,22,22087
1088,6612.0,2208901,LA,089,22,22089
1089,3130.0,2209101,LA,091,22,22091
1090,3925.0,2209301,LA,093,22,22093
1091,10117.0,2209501,LA,095,22,22095
1092,23930.0,2209706,LA,097,22,22097
1093,11648.0,2209901,LA,099,22,22099
1094,13037.0,2210101,LA,101,22,22101
1095,25034.0,2210303,LA,103,22,22103
1096,29086.0,2210504,LA,105,22,22105
1097,1550.0,2210701,LA,107,22,22107
1098,23271.0,2210901,LA,109,22,22109
1099,4304.0,2211101,LA,111,22,22111
1100,11787.0,2211301,LA,113,22,22113
1101,6698.0,2211501,LA,115,22,22115
1102,12250.0,2211703,LA,117,22,22117
1103,8768.0,2211901,LA,119,22,22119
1104,4216.0,2212101,LA,121,22,22121
1105,2419.0,2212301,LA,123,22,22123
1106,1435.0,2212501,LA,125,22,22125
1107,2987.0,2212701,LA,127,22,22127
1108,175883.0,2300001,ME,000,23,23000
1109,14154.0,2400101,MD,001,24,24001
1110,36875.0,2400301,MD,003,24,24003
1111,93453.0,2400501,MD,005,24,24005
1112,6148.0,2400901,MD,009,24,24009
1113,6109.0,2401101,MD,011,24,24011
1114,10524.0,2401301,MD,013,24,24013
1115,13540.0,2401501,MD,015,24,24015
1116,15384.0,2401701,MD,017,24,24017
1117,8049.0,2401901,MD,019,24,24019
1118,17495.0,2402101,MD,021,24,24021
1119,4034.0,2402301,MD,023,24,24023
1120,20077.0,2402501,MD,025,24,24025
1121,17184.0,2402701,MD,027,24,24027
1122,2703.0,2402901,MD,029,24,24029
1123,62549.0,2403101,MD,031,24,24031
1124,85423.0,2403306,MD,033,24,24033
1125,3896.0,2403501,MD,035,24,24035
1126,12044.0,2403701,MD,037,24,24037
1127,5600.0,2403901,MD,039,24,24039
1128,3881.0,2404101,MD,041,24,24041
1129,22990.0,2404301,MD,043,24,24043
1130,18607.0,2404501,MD,045,24,24045
1131,5925.0,2404701,MD,047,24,24047
1132,179707.0,2451036,MD,510,24,24510
1133,761847.0,2500002,MA,000,25,25000
1134,1266.0,2600101,MI,001,26,26001
1135,888.0,2600301,MI,003,26,26003
1136,9781.0,2600501,MI,005,26,26005
1137,4341.0,2600701,MI,007,26,26007
1138,2114.0,2600901,MI,009,26,26009
1139,2321.0,2601101,MI,011,26,26011
1140,1193.0,2601301,MI,013,26,26013
1141,4479.0,2601501,MI,015,26,26015
1142,15296.0,2601701,MI,017,26,26017
1143,1513.0,2601901,MI,019,26,26019
1144,22209.0,2602101,MI,021,26,26021
1145,4979.0,2602301,MI,023,26,26023
1146,21266.0,2602502,MI,025,26,26025
1147,6028.0,2602701,MI,027,26,26027
1148,1871.0,2602901,MI,029,26,26029
1149,3448.0,2603101,MI,031,26,26031
1150,3837.0,2603301,MI,033,26,26033
1151,6095.0,2603501,MI,035,26,26035
1152,4272.0,2603701,MI,037,26,26037
1153,2172.0,2603901,MI,039,26,26039
1154,4694.0,2604101,MI,041,26,26041
1155,2497.0,2604301,MI,043,26,26043
1156,8999.0,2604501,MI,045,26,26045
1157,2186.0,2604701,MI,047,26,26047
1158,83263.0,2604902,MI,049,26,26049
1159,3714.0,2605101,MI,051,26,26051
1160,2519.0,2605301,MI,053,26,26053
1161,6427.0,2605501,MI,055,26,26055
1162,5453.0,2605701,MI,057,26,26057
1163,5449.0,2605901,MI,059,26,26059
1164,3699.0,2606101,MI,061,26,26061
1165,3175.0,2606301,MI,063,26,26063
1166,38860.0,2606501,MI,065,26,26065
1167,948.0,2606502,MI,065,26,26065
1168,6603.0,2606701,MI,067,26,26067
1169,4659.0,2606901,MI,069,26,26069
1170,1474.0,2607101,MI,071,26,26071
1171,6503.0,2607301,MI,073,26,26073
1172,21052.0,2607501,MI,075,26,26075
1173,29843.0,2607703,MI,077,26,26077
1174,2582.0,2607901,MI,079,26,26079
1175,66703.0,2608102,MI,081,26,26081
1176,168.0,2608301,MI,083,26,26083
1177,2555.0,2608501,MI,085,26,26085
1178,8299.0,2608701,MI,087,26,26087
1179,889.0,2608901,MI,089,26,26089
1180,11272.0,2609101,MI,091,26,26091
1181,7460.0,2609301,MI,093,26,26093
1182,867.0,2609501,MI,095,26,26095
1183,886.0,2609701,MI,097,26,26097
1184,98867.0,2609902,MI,099,26,26099
1185,3133.0,2610101,MI,101,26,26101
1186,6432.0,2610301,MI,103,26,26103
1187,3678.0,2610501,MI,105,26,26105
1188,5304.0,2610701,MI,107,26,26107
1189,2404.0,2610901,MI,109,26,26109
1190,8628.0,2611101,MI,111,26,26111
1191,1931.0,2611301,MI,113,26,26113
1192,14407.0,2611501,MI,115,26,26115
1193,8510.0,2611701,MI,117,26,26117
1194,1131.0,2611901,MI,119,26,26119
1195,32256.0,2612101,MI,121,26,26121
1196,7638.0,2612301,MI,123,26,26123
1197,85221.0,2612502,MI,125,26,26125
1198,4122.0,2612701,MI,127,26,26127
1199,4163.0,2612901,MI,129,26,26129
1200,674.0,2613101,MI,131,26,26131
1201,3386.0,2613301,MI,133,26,26133
1202,1446.0,2613501,MI,135,26,26135
1203,3436.0,2613701,MI,137,26,26137
1204,12720.0,2613901,MI,139,26,26139
1205,1432.0,2614101,MI,141,26,26141
1206,3972.0,2614301,MI,143,26,26143
1207,35211.0,2614502,MI,145,26,26145
1208,21895.0,2614702,MI,147,26,26147
1209,7026.0,2614901,MI,149,26,26149
1210,4922.0,2615101,MI,151,26,26151
1211,1011.0,2615301,MI,153,26,26153
1212,8559.0,2615501,MI,155,26,26155
1213,7353.0,2615701,MI,157,26,26157
1214,11507.0,2615901,MI,159,26,26159
1215,24103.0,2616102,MI,161,26,26161
1216,436818.0,2616305,MI,163,26,26163
1217,5718.0,2616501,MI,165,26,26165
1218,0.0,2700002,MN,000,27,27000
1219,1442.0,2700101,MN,001,27,27001
1220,36.0,2700101,MN,001,27,27001
1221,0.0,2700101,MN,001,27,27001
1222,21257.0,2700301,MN,003,27,27003
1223,433.0,2700301,MN,003,27,27003
1224,0.0,2700301,MN,003,27,27003
1225,2239.0,2700501,MN,005,27,27005
1226,69.0,2700501,MN,005,27,27005
1227,0.0,2700501,MN,005,27,27005
1228,5114.0,2700701,MN,007,27,27007
1229,155.0,2700701,MN,007,27,27007
1230,0.0,2700701,MN,007,27,27007
1231,3383.0,2700901,MN,009,27,27009
1232,92.0,2700901,MN,009,27,27009
1233,0.0,2700901,MN,009,27,27009
1234,344.0,2701101,MN,011,27,27011
1235,25.0,2701101,MN,011,27,27011
1236,4619.0,2701301,MN,013,27,27013
1237,159.0,2701301,MN,013,27,27013
1238,0.0,2701301,MN,013,27,27013
1239,1413.0,2701501,MN,015,27,27015
1240,80.0,2701501,MN,015,27,27015
1241,0.0,2701501,MN,015,27,27015
1242,2590.0,2701701,MN,017,27,27017
1243,110.0,2701701,MN,017,27,27017
1244,0.0,2701701,MN,017,27,27017
1245,2884.0,2701901,MN,019,27,27019
1246,96.0,2701901,MN,019,27,27019
1247,0.0,2701901,MN,019,27,27019
1248,4161.0,2702101,MN,021,27,27021
1249,84.0,2702101,MN,021,27,27021
1250,0.0,2702101,MN,021,27,27021
1251,972.0,2702301,MN,023,27,27023
1252,48.0,2702301,MN,023,27,27023
1253,0.0,2702301,MN,023,27,27023
1254,2230.0,2702501,MN,025,27,27025
1255,85.0,2702501,MN,025,27,27025
1256,0.0,2702501,MN,025,27,27025
1257,6688.0,2702701,MN,027,27,27027
1258,173.0,2702701,MN,027,27,27027
1259,0.0,2702701,MN,027,27,27027
1260,665.0,2702901,MN,029,27,27029
1261,9.0,2702901,MN,029,27,27029
1262,294.0,2703101,MN,031,27,27031
1263,3.0,2703101,MN,031,27,27031
1264,0.0,2703101,MN,031,27,27031
1265,942.0,2703301,MN,033,27,27033
1266,43.0,2703301,MN,033,27,27033
1267,0.0,2703501,MN,035,27,27035
1268,4269.0,2703502,MN,035,27,27035
1269,124.0,2703502,MN,035,27,27035
1270,19843.0,2703701,MN,037,27,27037
1271,423.0,2703701,MN,037,27,27037
1272,0.0,2703701,MN,037,27,27037
1273,2123.0,2704101,MN,041,27,27041
1274,90.0,2704101,MN,041,27,27041
1275,0.0,2704101,MN,041,27,27041
1276,1278.0,2704301,MN,043,27,27043
1277,49.0,2704301,MN,043,27,27043
1278,0.0,2704301,MN,043,27,27043
1279,1128.0,2704501,MN,045,27,27045
1280,53.0,2704501,MN,045,27,27045
1281,0.0,2704501,MN,045,27,27045
1282,2833.0,2704701,MN,047,27,27047
1283,58.0,2704701,MN,047,27,27047
1284,0.0,2704701,MN,047,27,27047
1285,2103.0,2704902,MN,049,27,27049
1286,103.0,2704902,MN,049,27,27049
1287,526.0,2705101,MN,051,27,27051
1288,15.0,2705101,MN,051,27,27051
1289,92878.0,2705308,MN,053,27,27053
1290,1720.0,2705308,MN,053,27,27053
1291,25301.0,2705308,MN,053,27,27053
1292,809.0,2705501,MN,055,27,27055
1293,62.0,2705501,MN,055,27,27055
1294,2070.0,2705701,MN,057,27,27057
1295,42.0,2705701,MN,057,27,27057
1296,2506.0,2705901,MN,059,27,27059
1297,89.0,2705901,MN,059,27,27059
1298,0.0,2705901,MN,059,27,27059
1299,4753.0,2706101,MN,061,27,27061
1300,129.0,2706101,MN,061,27,27061
1301,0.0,2706101,MN,061,27,27061
1302,564.0,2706301,MN,063,27,27063
1303,23.0,2706301,MN,063,27,27063
1304,1620.0,2706501,MN,065,27,27065
1305,50.0,2706501,MN,065,27,27065
1306,0.0,2706501,MN,065,27,27065
1307,4879.0,2706701,MN,067,27,27067
1308,133.0,2706701,MN,067,27,27067
1309,222.0,2706901,MN,069,27,27069
1310,17.0,2706901,MN,069,27,27069
1311,1259.0,2707101,MN,071,27,27071
1312,42.0,2707101,MN,071,27,27071
1313,407.0,2707301,MN,073,27,27073
1314,32.0,2707301,MN,073,27,27073
1315,0.0,2707301,MN,073,27,27073
1316,537.0,2707501,MN,075,27,27075
1317,13.0,2707501,MN,075,27,27075
1318,0.0,2707501,MN,075,27,27075
1319,230.0,2707701,MN,077,27,27077
1320,10.0,2707701,MN,077,27,27077
1321,1494.0,2707901,MN,079,27,27079
1322,90.0,2707901,MN,079,27,27079
1323,0.0,2707901,MN,079,27,27079
1324,315.0,2708101,MN,081,27,27081
1325,21.0,2708101,MN,081,27,27081
1326,2387.0,2708301,MN,083,27,27083
1327,90.0,2708301,MN,083,27,27083
1328,1747.0,2708501,MN,085,27,27085
1329,64.0,2708501,MN,085,27,27085
1330,0.0,2708501,MN,085,27,27085
1331,343.0,2708701,MN,087,27,27087
1332,15.0,2708701,MN,087,27,27087
1333,472.0,2708901,MN,089,27,27089
1334,33.0,2708901,MN,089,27,27089
1335,1814.0,2709101,MN,091,27,27091
1336,66.0,2709101,MN,091,27,27091
1337,1407.0,2709301,MN,093,27,27093
1338,76.0,2709301,MN,093,27,27093
1339,2134.0,2709501,MN,095,27,27095
1340,56.0,2709501,MN,095,27,27095
1341,0.0,2709501,MN,095,27,27095
1342,2430.0,2709701,MN,097,27,27097
1343,105.0,2709701,MN,097,27,27097
1344,3993.0,2709901,MN,099,27,27099
1345,93.0,2709901,MN,099,27,27099
1346,0.0,2709901,MN,099,27,27099
1347,393.0,2710101,MN,101,27,27101
1348,19.0,2710101,MN,101,27,27101
1349,2136.0,2710301,MN,103,27,27103
1350,60.0,2710301,MN,103,27,27103
1351,0.0,2710301,MN,103,27,27103
1352,1777.0,2710501,MN,105,27,27105
1353,53.0,2710501,MN,105,27,27105
1354,675.0,2710701,MN,107,27,27107
1355,23.0,2710701,MN,107,27,27107
1356,11010.0,2710901,MN,109,27,27109
1357,382.0,2710901,MN,109,27,27109
1358,0.0,2710901,MN,109,27,27109
1359,3685.0,2711101,MN,111,27,27111
1360,166.0,2711101,MN,111,27,27111
1361,0.0,2711101,MN,111,27,27111
1362,1008.0,2711301,MN,113,27,27113
1363,42.0,2711301,MN,113,27,27113
1364,2857.0,2711501,MN,115,27,27115
1365,74.0,2711501,MN,115,27,27115
1366,0.0,2711501,MN,115,27,27115
1367,683.0,2711701,MN,117,27,27117
1368,27.0,2711701,MN,117,27,27117
1369,3514.0,2711901,MN,119,27,27119
1370,88.0,2711901,MN,119,27,27119
1371,630.0,2712101,MN,121,27,27121
1372,32.0,2712101,MN,121,27,27121
1373,72793.0,2712301,MN,123,27,27123
1374,835.0,2712301,MN,123,27,27123
1375,0.0,2712301,MN,123,27,27123
1376,327.0,2712501,MN,125,27,27125
1377,5.0,2712501,MN,125,27,27125
1378,870.0,2712701,MN,127,27,27127
1379,51.0,2712701,MN,127,27,27127
1380,0.0,2712701,MN,127,27,27127
1381,1226.0,2712901,MN,129,27,27129
1382,48.0,2712901,MN,129,27,27129
1383,0.0,2712901,MN,129,27,27129
1384,4364.0,2713101,MN,131,27,27131
1385,168.0,2713101,MN,131,27,27131
1386,0.0,2713101,MN,131,27,27131
1387,540.0,2713301,MN,133,27,27133
1388,23.0,2713301,MN,133,27,27133
1389,855.0,2713501,MN,135,27,27135
1390,34.0,2713501,MN,135,27,27135
1391,17989.0,2713701,MN,137,27,27137
1392,652.0,2713701,MN,137,27,27137
1393,0.0,2713701,MN,137,27,27137
1394,5446.0,2713901,MN,139,27,27139
1395,98.0,2713901,MN,139,27,27139
1396,0.0,2713901,MN,139,27,27139
1397,4104.0,2714101,MN,141,27,27141
1398,118.0,2714101,MN,141,27,27141
1399,0.0,2714101,MN,141,27,27141
1400,842.0,2714301,MN,143,27,27143
1401,20.0,2714301,MN,143,27,27143
1402,0.0,2714301,MN,143,27,27143
1403,13717.0,2714501,MN,145,27,27145
1404,381.0,2714501,MN,145,27,27145
1405,0.0,2714501,MN,145,27,27145
1406,6026.0,2714701,MN,147,27,27147
1407,166.0,2714701,MN,147,27,27147
1408,0.0,2714701,MN,147,27,27147
1409,452.0,2714901,MN,149,27,27149
1410,32.0,2714901,MN,149,27,27149
1411,812.0,2715101,MN,151,27,27151
1412,37.0,2715101,MN,151,27,27151
1413,1621.0,2715301,MN,153,27,27153
1414,73.0,2715301,MN,153,27,27153
1415,0.0,2715301,MN,153,27,27153
1416,401.0,2715504,MN,155,27,27155
1417,8.0,2715504,MN,155,27,27155
1418,1055.0,2715701,MN,157,27,27157
1419,60.0,2715701,MN,157,27,27157
1420,0.0,2715701,MN,157,27,27157
1421,1524.0,2715901,MN,159,27,27159
1422,52.0,2715901,MN,159,27,27159
1423,0.0,2715901,MN,159,27,27159
1424,8942.0,2716301,MN,163,27,27163
1425,256.0,2716301,MN,163,27,27163
1426,0.0,2716301,MN,163,27,27163
1427,757.0,2716501,MN,165,27,27165
1428,36.0,2716501,MN,165,27,27165
1429,723.0,2716701,MN,167,27,27167
1430,24.0,2716701,MN,167,27,27167
1431,2834.0,2716901,MN,169,27,27169
1432,164.0,2716901,MN,169,27,27169
1433,4389.0,2717101,MN,171,27,27171
1434,159.0,2717101,MN,171,27,27171
1435,0.0,2717101,MN,171,27,27171
1436,612.0,2717301,MN,173,27,27173
1437,30.0,2717301,MN,173,27,27173
1438,104.0,2717501,MN,175,27,27175
1439,0.0,2717501,MN,175,27,27175
1440,2369.0,2717701,MN,177,27,27177
1441,6.0,2717701,MN,177,27,27177
1442,2046.0,2717901,MN,179,27,27179
1443,6327.0,2800101,MS,001,28,28001
1444,5246.0,2800301,MS,003,28,28003
1445,2125.0,2800501,MS,005,28,28005
1446,3873.0,2800701,MS,007,28,28007
1447,1687.0,2800901,MS,009,28,28009
1448,10095.0,2801102,MS,011,28,28011
1449,2492.0,2801301,MS,013,28,28013
1450,1303.0,2801501,MS,015,28,28015
1451,3332.0,2801701,MS,017,28,28017
1452,1535.0,2801901,MS,019,28,28019
1453,3309.0,2802101,MS,021,28,28021
1454,3178.0,2802301,MS,023,28,28023
1455,4388.0,2802501,MS,025,28,28025
1456,8938.0,2802701,MS,027,28,28027
1457,6492.0,2802901,MS,029,28,28029
1458,3667.0,2803101,MS,031,28,28031
1459,17241.0,2803301,MS,033,28,28033
1460,13394.0,2803501,MS,035,28,28035
1461,1353.0,2803701,MS,037,28,28037
1462,3957.0,2803901,MS,039,28,28039
1463,1991.0,2804101,MS,041,28,28041
1464,4062.0,2804301,MS,043,28,28043
1465,6756.0,2804501,MS,045,28,28045
1466,37320.0,2804701,MS,047,28,28047
1467,53236.0,2804901,MS,049,28,28049
1468,6263.0,2805101,MS,051,28,28051
1469,3687.0,2805301,MS,053,28,28053
1470,249.0,2805501,MS,055,28,28055
1471,2637.0,2805701,MS,057,28,28057
1472,20464.0,2805901,MS,059,28,28059
1473,3052.0,2806101,MS,061,28,28061
1474,2286.0,2806301,MS,063,28,28063
1475,2319.0,2806501,MS,065,28,28065
1476,10859.0,2806701,MS,067,28,28067
1477,1807.0,2806901,MS,069,28,28069
1478,4001.0,2807101,MS,071,28,28071
1479,6411.0,2807301,MS,073,28,28073
1480,14893.0,2807501,MS,075,28,28075
1481,2395.0,2807701,MS,077,28,28077
1482,3806.0,2807901,MS,079,28,28079
1483,12072.0,2808101,MS,081,28,28081
1484,10286.0,2808301,MS,083,28,28083
1485,5546.0,2808501,MS,085,28,28085
1486,11699.0,2808701,MS,087,28,28087
1487,9267.0,2808901,MS,089,28,28089
1488,4590.0,2809101,MS,091,28,28091
1489,5828.0,2809301,MS,093,28,28093
1490,5564.0,2809501,MS,095,28,28095
1491,1918.0,2809701,MS,097,28,28097
1492,6492.0,2809901,MS,099,28,28099
1493,3523.0,2810101,MS,101,28,28101
1494,3735.0,2810301,MS,103,28,28103
1495,6925.0,2810501,MS,105,28,28105
1496,7626.0,2810701,MS,107,28,28107
1497,9504.0,2810901,MS,109,28,28109
1498,2096.0,2811101,MS,111,28,28111
1499,9583.0,2811301,MS,113,28,28113
1500,4481.0,2811501,MS,115,28,28115
1501,3483.0,2811701,MS,117,28,28117
1502,2282.0,2811901,MS,119,28,28119
1503,11408.0,2812101,MS,121,28,28121
1504,5672.0,2812301,MS,123,28,28123
1505,1691.0,2812501,MS,125,28,28125
1506,4450.0,2812701,MS,127,28,28127
1507,2106.0,2812901,MS,129,28,28129
1508,2700.0,2813101,MS,131,28,28131
1509,8145.0,2813301,MS,133,28,28133
1510,3017.0,2813501,MS,135,28,28135
1511,4311.0,2813701,MS,137,28,28137
1512,2969.0,2813901,MS,139,28,28139
1513,2057.0,2814101,MS,141,28,28141
1514,4218.0,2814301,MS,143,28,28143
1515,3072.0,2814501,MS,145,28,28145
1516,2767.0,2814701,MS,147,28,28147
1517,10176.0,2814901,MS,149,28,28149
1518,17110.0,2815101,MS,151,28,28151
1519,4767.0,2815301,MS,153,28,28153
1520,1881.0,2815501,MS,155,28,28155
1521,2071.0,2815701,MS,157,28,28157
1522,3668.0,2815901,MS,159,28,28159
1523,2460.0,2816101,MS,161,28,28161
1524,7384.0,2816301,MS,163,28,28163
1525,751641.0,2992509,MO,925,29,29925
1526,120353.0,3020101,MT,201,30,30201
1527,173333.0,3100001,NE,000,31,31000
1528,3814.0,3200101,NV,001,32,32001
1529,350168.0,3200301,NV,003,32,32003
1530,2631.0,3200501,NV,005,32,32005
1531,4483.0,3200701,NV,007,32,32007
1532,85.0,3200901,NV,009,32,32009
1533,58.0,3201101,NV,011,32,32011
1534,1806.0,3201301,NV,013,32,32013
1535,575.0,3201501,NV,015,32,32015
1536,494.0,3201701,NV,017,32,32017
1537,6294.0,3201901,NV,019,32,32019
1538,778.0,3202101,NV,021,32,32021
1539,9141.0,3202301,NV,023,32,32023
1540,481.0,3202701,NV,027,32,32027
1541,119.0,3202901,NV,029,32,32029
1542,49065.0,3203101,NV,031,32,32031
1543,1086.0,3203301,NV,033,32,32033
1544,7290.0,3251001,NV,510,32,32510
1545,90368.0,3300008,NH,000,33,33000
1546,39932.0,3400106,NJ,001,34,34001
1547,36490.0,3400313,NJ,003,34,34003
1548,23539.0,3400509,NJ,005,34,34005
1549,65934.0,3400712,NJ,007,34,34007
1550,8042.0,3400902,NJ,009,34,34009
1551,27048.0,3401107,NJ,011,34,34011
1552,115448.0,3401328,NJ,013,34,34013
1553,18970.0,3401506,NJ,015,34,34015
1554,97414.0,3401714,NJ,017,34,34017
1555,2655.0,3401907,NJ,019,34,34019
1556,29414.0,3402113,NJ,021,34,34021
1557,55407.0,3402311,NJ,023,34,34023
1558,32091.0,3402510,NJ,025,34,34025
1559,13470.0,3402710,NJ,027,34,34027
1560,54272.0,3402910,NJ,029,34,34029
1561,99713.0,3403107,NJ,031,34,34031
1562,7970.0,3403306,NJ,033,34,34033
1563,10924.0,3403508,NJ,035,34,34035
1564,4154.0,3403706,NJ,037,34,34037
1565,43630.0,3403911,NJ,039,34,34039
1566,6826.0,3404102,NJ,041,34,34041
1567,128761.0,3500101,NM,001,35,35001
1568,,3500301,NM,003,35,35003
1569,15777.0,3500501,NM,005,35,35005
1570,8763.0,3500601,NM,006,35,35006
1571,2998.0,3500701,NM,007,35,35007
1572,10430.0,3500901,NM,009,35,35009
1573,,3501101,NM,011,35,35011
1574,60552.0,3501301,NM,013,35,35013
1575,10973.0,3501501,NM,015,35,35015
1576,6836.0,3501701,NM,017,35,35017
1577,1405.0,3501901,NM,019,35,35019
1578,,3502101,NM,021,35,35021
1579,845.0,3502301,NM,023,35,35023
1580,13304.0,3502501,NM,025,35,35025
1581,3785.0,3502701,NM,027,35,35027
1582,,3502801,NM,028,35,35028
1583,9370.0,3502901,NM,029,35,35029
1584,22791.0,3503101,NM,031,35,35031
1585,,3503301,NM,033,35,35033
1586,,3503401,NM,034,35,35034
1587,11055.0,3503501,NM,035,35,35035
1588,2392.0,3503701,NM,037,35,35037
1589,12987.0,3503901,NM,039,35,35039
1590,3784.0,3504101,NM,041,35,35041
1591,24382.0,3504301,NM,043,35,35043
1592,31949.0,3504501,NM,045,35,35045
1593,8771.0,3504701,NM,047,35,35047
1594,22014.0,3504901,NM,049,35,35049
1595,5397.0,3505101,NM,051,35,35051
1596,5635.0,3505301,NM,053,35,35053
1597,7391.0,3505501,NM,055,35,35055
1598,6772.0,3505701,NM,057,35,35057
1599,,3505901,NM,059,35,35059
1600,17454.0,3506101,NM,061,35,35061
1601,,3506301,NM,063,35,35063
1602,2880757.0,3600002,NY,000,36,36000
1603,19252.0,3700102,NC,001,37,37001
1604,3665.0,3700302,NC,003,37,37003
1605,1398.0,3700501,NC,005,37,37005
1606,4952.0,3700701,NC,007,37,37007
1607,3427.0,3700902,NC,009,37,37009
1608,1630.0,3701104,NC,011,37,37011
1609,8098.0,3701302,NC,013,37,37013
1610,4130.0,3701501,NC,015,37,37015
1611,6032.0,3701702,NC,017,37,37017
1612,11943.0,3701901,NC,019,37,37019
1613,24856.0,3702102,NC,021,37,37021
1614,10342.0,3702302,NC,023,37,37023
1615,18070.0,3702501,NC,025,37,37025
1616,10746.0,3702702,NC,027,37,37027
1617,631.0,3702902,NC,029,37,37029
1618,5846.0,3703101,NC,031,37,37031
1619,3763.0,3703301,NC,033,37,37033
1620,17422.0,3703502,NC,035,37,37035
1621,4527.0,3703702,NC,037,37,37037
1622,3639.0,3703903,NC,039,37,37039
1623,2305.0,3704102,NC,041,37,37041
1624,1349.0,3704301,NC,043,37,37043
1625,17284.0,3704501,NC,045,37,37045
1626,10257.0,3704702,NC,047,37,37047
1627,11487.0,3704901,NC,049,37,37049
1628,53526.0,3705103,NC,051,37,37051
1629,1632.0,3705302,NC,053,37,37053
1630,1941.0,3705502,NC,055,37,37055
1631,20008.0,3705703,NC,057,37,37057
1632,4073.0,3705902,NC,059,37,37059
1633,8032.0,3706102,NC,061,37,37061
1634,32784.0,3706303,NC,063,37,37063
1635,13393.0,3706502,NC,065,37,37065
1636,46392.0,3706702,NC,067,37,37067
1637,7810.0,3706902,NC,069,37,37069
1638,29476.0,3707101,NC,071,37,37071
1639,1485.0,3707303,NC,073,37,37073
1640,1056.0,3707503,NC,075,37,37075
1641,6037.0,3707701,NC,077,37,37077
1642,3516.0,3707902,NC,079,37,37079
1643,72001.0,3708107,NC,081,37,37081
1644,12736.0,3708302,NC,083,37,37083
1645,15832.0,3708502,NC,085,37,37085
1646,7338.0,3708702,NC,087,37,37087
1647,8567.0,3708905,NC,089,37,37089
1648,4905.0,3709102,NC,091,37,37091
1649,7969.0,3709302,NC,093,37,37093
1650,727.0,3709502,NC,095,37,37095
1651,11622.0,3709702,NC,097,37,37097
1652,3961.0,3709902,NC,099,37,37099
1653,21340.0,3710102,NC,101,37,37101
1654,1625.0,3710301,NC,103,37,37103
1655,8735.0,3710502,NC,105,37,37105
1656,11480.0,3710704,NC,107,37,37107
1657,7831.0,3710902,NC,109,37,37109
1658,6670.0,3711101,NC,111,37,37111
1659,3799.0,3711301,NC,113,37,37113
1660,2461.0,3711502,NC,115,37,37115
1661,4328.0,3711701,NC,117,37,37117
1662,107384.0,3711902,NC,119,37,37119
1663,1956.0,3712102,NC,121,37,37121
1664,3706.0,3712302,NC,123,37,37123
1665,8297.0,3712502,NC,125,37,37125
1666,13559.0,3712702,NC,127,37,37127
1667,20377.0,3712902,NC,129,37,37129
1668,4532.0,3713104,NC,131,37,37131
1669,17156.0,3713301,NC,133,37,37133
1670,8604.0,3713502,NC,135,37,37135
1671,1475.0,3713701,NC,137,37,37137
1672,6135.0,3713902,NC,139,37,37139
1673,6458.0,3714103,NC,141,37,37141
1674,1977.0,3714302,NC,143,37,37143
1675,5665.0,3714502,NC,145,37,37145
1676,25713.0,3714701,NC,147,37,37147
1677,1790.0,3714902,NC,149,37,37149
1678,18633.0,3715102,NC,151,37,37151
1679,10596.0,3715302,NC,153,37,37153
1680,32182.0,3715503,NC,155,37,37155
1681,12657.0,3715702,NC,157,37,37157
1682,18397.0,3715904,NC,159,37,37159
1683,10438.0,3716102,NC,161,37,37161
1684,10175.0,3716302,NC,163,37,37163
1685,8928.0,3716502,NC,165,37,37165
1686,7147.0,3716701,NC,167,37,37167
1687,4890.0,3716902,NC,169,37,37169
1688,10109.0,3717102,NC,171,37,37171
1689,1694.0,3717302,NC,173,37,37173
1690,3708.0,3717502,NC,175,37,37175
1691,656.0,3717702,NC,177,37,37177
1692,15613.0,3717901,NC,179,37,37179
1693,10615.0,3718101,NC,181,37,37181
1694,63920.0,3718304,NC,183,37,37183
1695,3688.0,3718503,NC,185,37,37185
1696,2640.0,3718701,NC,187,37,37187
1697,2475.0,3718901,NC,189,37,37189
1698,20347.0,3719102,NC,191,37,37191
1699,10488.0,3719302,NC,193,37,37193
1700,13398.0,3719501,NC,195,37,37195
1701,3921.0,3719704,NC,197,37,37197
1702,2424.0,3719902,NC,199,37,37199
1703,77.0,3800101,ND,001,38,38001
1704,796.0,3800301,ND,003,38,38003
1705,2173.0,3800501,ND,005,38,38005
1706,456.0,3800901,ND,009,38,38009
1707,181.0,3801101,ND,011,38,38011
1708,107.0,3801301,ND,013,38,38013
1709,4782.0,3801501,ND,015,38,38015
1710,12548.0,3801701,ND,017,38,38017
1711,150.0,3801901,ND,019,38,38019
1712,264.0,3802101,ND,021,38,38021
1713,67.0,3802301,ND,023,38,38023
1714,208.0,3802501,ND,025,38,38025
1715,179.0,3802701,ND,027,38,38027
1716,180.0,3802901,ND,029,38,38029
1717,149.0,3803101,ND,031,38,38031
1718,111.0,3803301,ND,033,38,38033
1719,4693.0,3803501,ND,035,38,38035
1720,199.0,3803701,ND,037,38,38037
1721,98.0,3803901,ND,039,38,38039
1722,111.0,3804101,ND,041,38,38041
1723,114.0,3804301,ND,043,38,38043
1724,125.0,3804501,ND,045,38,38045
1725,101.0,3804701,ND,047,38,38047
1726,404.0,3804901,ND,049,38,38049
1727,126.0,3805101,ND,051,38,38051
1728,547.0,3805301,ND,053,38,38053
1729,450.0,3805501,ND,055,38,38055
1730,289.0,3805701,ND,057,38,38057
1731,1745.0,3805901,ND,059,38,38059
1732,366.0,3806101,ND,061,38,38061
1733,169.0,3806301,ND,063,38,38063
1734,65.0,3806501,ND,065,38,38065
1735,338.0,3806701,ND,067,38,38067
1736,259.0,3806901,ND,069,38,38069
1737,1135.0,3807101,ND,071,38,38071
1738,332.0,3807301,ND,073,38,38073
1739,112.0,3807501,ND,075,38,38075
1740,1124.0,3807701,ND,077,38,38077
1741,5098.0,3807901,ND,079,38,38079
1742,202.0,3808101,ND,081,38,38081
1743,139.0,3808301,ND,083,38,38083
1744,1516.0,3808501,ND,085,38,38085
1745,1617.0,3808901,ND,089,38,38089
1746,73.0,3809101,ND,091,38,38091
1747,1372.0,3809301,ND,093,38,38093
1748,127.0,3809501,ND,095,38,38095
1749,466.0,3809701,ND,097,38,38097
1750,883.0,3809901,ND,099,38,38099
1751,4564.0,3810101,ND,101,38,38101
1752,291.0,3810301,ND,103,38,38103
1753,1492.0,3810501,ND,105,38,38105
1754,5377.0,3900102,OH,001,39,39001
1755,11767.0,3900301,OH,003,39,39003
1756,3994.0,3900505,OH,005,39,39005
1757,17965.0,3900707,OH,007,39,39007
1758,9160.0,3900901,OH,009,39,39009
1759,2807.0,3901103,OH,011,39,39011
1760,8003.0,3901303,OH,013,39,39013
1761,5484.0,3901504,OH,015,39,39015
1762,31974.0,3901703,OH,017,39,39017
1763,2724.0,3901903,OH,019,39,39019
1764,3700.0,3902102,OH,021,39,39021
1765,21847.0,3902302,OH,023,39,39023
1766,13632.0,3902502,OH,025,39,39025
1767,5833.0,3902701,OH,027,39,39027
1768,15599.0,3902901,OH,029,39,39029
1769,6161.0,3903101,OH,031,39,39031
1770,5951.0,3903301,OH,033,39,39033
1771,201489.0,3903539,OH,035,39,39035
1772,14197.0,3903539,OH,035,39,39035
1773,3114.0,3903703,OH,037,39,39037
1774,5331.0,3903904,OH,039,39,39039
1775,5199.0,3904101,OH,041,39,39041
1776,9098.0,3904302,OH,043,39,39043
1777,15465.0,3904501,OH,045,39,39045
1778,4130.0,3904701,OH,047,39,39047
1779,168574.0,3904901,OH,049,39,39049
1780,2912.0,3905101,OH,051,39,39051
1781,6777.0,3905301,OH,053,39,39053
1782,2900.0,3905502,OH,055,39,39055
1783,11130.0,3905702,OH,057,39,39057
1784,5487.0,3905901,OH,059,39,39059
1785,108539.0,3906101,OH,061,39,39061
1786,5605.0,3906302,OH,063,39,39063
1787,3132.0,3906502,OH,065,39,39065
1788,2297.0,3906702,OH,067,39,39067
1789,1553.0,3906905,OH,069,39,39069
1790,6751.0,3907104,OH,071,39,39071
1791,0.0,3907301,OH,073,39,39073
1792,1355.0,3907502,OH,075,39,39075
1793,7325.0,3907702,OH,077,39,39077
1794,6174.0,3907902,OH,079,39,39079
1795,13345.0,3908102,OH,081,39,39081
1796,5539.0,3908301,OH,083,39,39083
1797,16270.0,3908502,OH,085,39,39085
1798,11566.0,3908703,OH,087,39,39087
1799,17690.0,3908902,OH,089,39,39089
1800,5153.0,3909102,OH,091,39,39091
1801,36314.0,3909304,OH,093,39,39093
1802,78466.0,3909503,OH,095,39,39095
1803,3955.0,3909701,OH,097,39,39097
1804,42455.0,3909903,OH,099,39,39099
1805,10087.0,3910101,OH,101,39,39101
1806,9019.0,3910303,OH,103,39,39103
1807,5237.0,3910502,OH,105,39,39105
1808,1932.0,3910701,OH,107,39,39107
1809,7183.0,3910904,OH,109,39,39109
1810,1859.0,3911102,OH,111,39,39111
1811,69351.0,3911312,OH,113,39,39113
1812,2329.0,3911506,OH,115,39,39115
1813,3266.0,3911702,OH,117,39,39117
1814,16783.0,3911901,OH,119,39,39119
1815,1250.0,3912103,OH,121,39,39121
1816,3106.0,3912301,OH,123,39,39123
1817,0.0,3912503,OH,125,39,39125
1818,6499.0,3912701,OH,127,39,39127
1819,6057.0,3912901,OH,129,39,39129
1820,7069.0,3913102,OH,131,39,39131
1821,12666.0,3913301,OH,133,39,39133
1822,4079.0,3913502,OH,135,39,39135
1823,1892.0,3913701,OH,137,39,39137
1824,18336.0,3913901,OH,139,39,39139
1825,22634.0,3914103,OH,141,39,39141
1826,4910.0,3914301,OH,143,39,39143
1827,19172.0,3914502,OH,145,39,39145
1828,6132.0,3914701,OH,147,39,39147
1829,3308.0,3914903,OH,149,39,39149
1830,44343.0,3915102,OH,151,39,39151
1831,74503.0,3915307,OH,153,39,39153
1832,28238.0,3915503,OH,155,39,39155
1833,10581.0,3915702,OH,157,39,39157
1834,2583.0,3915902,OH,159,39,39159
1835,2336.0,3916101,OH,161,39,39161
1836,0.0,3916301,OH,163,39,39163
1837,7610.0,3916504,OH,165,39,39165
1838,7462.0,3916703,OH,167,39,39167
1839,10218.0,3916901,OH,169,39,39169
1840,3622.0,3917102,OH,171,39,39171
1841,6540.0,3917301,OH,173,39,39173
1842,1703.0,3917501,OH,175,39,39175
1843,6295.0,4000101,OK,001,40,40001
1844,642.0,4000301,OK,003,40,40003
1845,2661.0,4000501,OK,005,40,40005
1846,1.0,4000701,OK,007,40,40007
1847,5578.0,4000901,OK,009,40,40009
1848,2541.0,4001101,OK,011,40,40011
1849,6221.0,4001301,OK,013,40,40013
1850,5285.0,4001501,OK,015,40,40015
1851,10748.0,4001701,OK,017,40,40017
1852,10078.0,4001901,OK,019,40,40019
1853,9533.0,4002101,OK,021,40,40021
1854,3108.0,4002301,OK,023,40,40023
1855,0.0,4002501,OK,025,40,40025
1856,29586.0,4002701,OK,027,40,40027
1857,624.0,4002901,OK,029,40,40029
1858,19718.0,4003101,OK,031,40,40031
1859,2537.0,4003301,OK,033,40,40033
1860,7995.0,4003501,OK,035,40,40035
1861,11952.0,4003701,OK,037,40,40037
1862,2674.0,4003901,OK,039,40,40039
1863,9510.0,4004101,OK,041,40,40041
1864,0.0,4004301,OK,043,40,40043
1865,5.0,4004501,OK,045,40,40045
1866,8893.0,4004701,OK,047,40,40047
1867,5092.0,4004901,OK,049,40,40049
1868,6856.0,4005101,OK,051,40,40051
1869,7.0,4005301,OK,053,40,40053
1870,0.0,4005501,OK,055,40,40055
1871,0.0,4005701,OK,057,40,40057
1872,0.0,4005901,OK,059,40,40059
1873,2254.0,4006101,OK,061,40,40061
1874,32.0,4006301,OK,063,40,40063
1875,9503.0,4006501,OK,065,40,40065
1876,3418.0,4006701,OK,067,40,40067
1877,2181.0,4006901,OK,069,40,40069
1878,9155.0,4007101,OK,071,40,40071
1879,1796.0,4007301,OK,073,40,40073
1880,13.0,4007501,OK,075,40,40075
1881,378.0,4007701,OK,077,40,40077
1882,10696.0,4007901,OK,079,40,40079
1883,6014.0,4008101,OK,081,40,40081
1884,5008.0,4008301,OK,083,40,40083
1885,0.0,4008501,OK,085,40,40085
1886,4744.0,4008701,OK,087,40,40087
1887,10134.0,4008901,OK,089,40,40089
1888,4228.0,4009101,OK,091,40,40091
1889,0.0,4009301,OK,093,40,40093
1890,2421.0,4009501,OK,095,40,40095
1891,2593.0,4009701,OK,097,40,40097
1892,1676.0,4009901,OK,099,40,40099
1893,14955.0,4010101,OK,101,40,40101
1894,1227.0,4010301,OK,103,40,40103
1895,3069.0,4010501,OK,105,40,40105
1896,3329.0,4010701,OK,107,40,40107
1897,134730.0,4010902,OK,109,40,40109
1898,8856.0,4011101,OK,111,40,40111
1899,5498.0,4011301,OK,113,40,40113
1900,13861.0,4011501,OK,115,40,40115
1901,2705.0,4011701,OK,117,40,40117
1902,8926.0,4011901,OK,119,40,40119
1903,8160.0,4012101,OK,121,40,40121
1904,6793.0,4012301,OK,123,40,40123
1905,13838.0,4012501,OK,125,40,40125
1906,3386.0,4012701,OK,127,40,40127
1907,1.0,4012901,OK,129,40,40129
1908,6459.0,4013101,OK,131,40,40131
1909,8278.0,4013301,OK,133,40,40133
1910,7239.0,4013501,OK,135,40,40135
1911,3692.0,4013701,OK,137,40,40137
1912,2532.0,4013901,OK,139,40,40139
1913,0.0,4014101,OK,141,40,40141
1914,63922.0,4014301,OK,143,40,40143
1915,7965.0,4014501,OK,145,40,40145
1916,16323.0,4014701,OK,147,40,40147
1917,1213.0,4014901,OK,149,40,40149
1918,0.0,4015101,OK,151,40,40151
1919,4025.0,4015301,OK,153,40,40153
1920,621741.0,4100005,OR,000,41,41000
1921,34996.0,4100005,OR,000,41,41000
1922,207.0,4100005,OR,000,41,41000
1923,8057.0,4200102,PA,001,42,42001
1924,153212.0,4200303,PA,003,42,42003
1925,10745.0,4200502,PA,005,42,42005
1926,23527.0,4200702,PA,007,42,42007
1927,6504.0,4200902,PA,009,42,42009
1928,61609.0,4201102,PA,011,42,42011
1929,20970.0,4201302,PA,013,42,42013
1930,8236.0,4201502,PA,015,42,42015
1931,37334.0,4201702,PA,017,42,42017
1932,15674.0,4201902,PA,019,42,42019
1933,23944.0,4202102,PA,021,42,42021
1934,911.0,4202302,PA,023,42,42023
1935,8695.0,4202502,PA,025,42,42025
1936,7830.0,4202702,PA,027,42,42027
1937,25424.0,4202902,PA,029,42,42029
1938,5095.0,4203102,PA,031,42,42031
1939,12469.0,4203302,PA,033,42,42033
1940,5410.0,4203502,PA,035,42,42035
1941,7895.0,4203702,PA,037,42,42037
1942,13153.0,4203902,PA,039,42,42039
1943,18392.0,4204102,PA,041,42,42041
1944,46040.0,4204302,PA,043,42,42043
1945,71236.0,4204502,PA,045,42,42045
1946,3211.0,4204702,PA,047,42,42047
1947,55970.0,4204904,PA,049,42,42049
1948,30958.0,4205102,PA,051,42,42051
1949,673.0,4205302,PA,053,42,42053
1950,17385.0,4205502,PA,055,42,42055
1951,1926.0,4205702,PA,057,42,42057
1952,6939.0,4205902,PA,059,42,42059
1953,5895.0,4206102,PA,061,42,42061
1954,10934.0,4206302,PA,063,42,42063
1955,6493.0,4206502,PA,065,42,42065
1956,2137.0,4206702,PA,067,42,42067
1957,38550.0,4206902,PA,069,42,42069
1958,52012.0,4207102,PA,071,42,42071
1959,15893.0,4207302,PA,073,42,42073
1960,16809.0,4207502,PA,075,42,42075
1961,53679.0,4207702,PA,077,42,42077
1962,61620.0,4207902,PA,079,42,42079
1963,17130.0,4208102,PA,081,42,42081
1964,7369.0,4208302,PA,083,42,42083
1965,18665.0,4208502,PA,085,42,42085
1966,7661.0,4208702,PA,087,42,42087
1967,22726.0,4208902,PA,089,42,42089
1968,51358.0,4209102,PA,091,42,42091
1969,1609.0,4209302,PA,093,42,42093
1970,33482.0,4209502,PA,095,42,42095
1971,13697.0,4209702,PA,097,42,42097
1972,4365.0,4209902,PA,099,42,42099
1973,482014.0,4210104,PA,101,42,42101
1974,6403.0,4210302,PA,103,42,42103
1975,2694.0,4210502,PA,105,42,42105
1976,23380.0,4210702,PA,107,42,42107
1977,3188.0,4210902,PA,109,42,42109
1978,10471.0,4211102,PA,111,42,42111
1979,551.0,4211302,PA,113,42,42113
1980,4930.0,4211502,PA,115,42,42115
1981,5859.0,4211702,PA,117,42,42117
1982,3111.0,4211902,PA,119,42,42119
1983,9265.0,4212102,PA,121,42,42121
1984,5578.0,4212302,PA,123,42,42123
1985,24272.0,4212502,PA,125,42,42125
1986,6385.0,4212702,PA,127,42,42127
1987,41567.0,4212902,PA,129,42,42129
1988,3665.0,4213102,PA,131,42,42131
1989,53106.0,4213303,PA,133,42,42133
1990,3778.0,4500101,SC,001,45,45001
1991,25685.0,4500302,SC,003,45,45003
1992,2719.0,4500502,SC,005,45,45005
1993,27031.0,4500702,SC,007,45,45007
1994,3621.0,4500901,SC,009,45,45009
1995,5636.0,4501101,SC,011,45,45011
1996,14695.0,4501302,SC,013,45,45013
1997,23171.0,4501502,SC,015,45,45015
1998,2310.0,4501702,SC,017,45,45017
1999,42259.0,4501902,SC,019,45,45019
2000,10471.0,4502102,SC,021,45,45021
2001,7540.0,4502302,SC,023,45,45023
2002,9542.0,4502501,SC,025,45,45025
2003,7864.0,4502701,SC,027,45,45027
2004,9224.0,4502901,SC,029,45,45029
2005,15940.0,4503101,SC,031,45,45031
2006,8743.0,4503302,SC,033,45,45033
2007,17592.0,4503502,SC,035,45,45035
2008,4035.0,4503702,SC,037,45,45037
2009,4776.0,4503902,SC,039,45,45039
2010,28641.0,4504102,SC,041,45,45041
2011,10083.0,4504301,SC,043,45,45043
2012,53568.0,4504502,SC,045,45,45045
2013,12356.0,4504701,SC,047,45,45047
2014,4654.0,4504902,SC,049,45,45049
2015,41290.0,4505101,SC,051,45,45051
2016,5429.0,4505301,SC,053,45,45053
2017,10061.0,4505501,SC,055,45,45055
2018,11877.0,4505701,SC,057,45,45057
2019,11689.0,4505902,SC,059,45,45059
2020,4827.0,4506101,SC,061,45,45061
2021,32726.0,4506302,SC,063,45,45063
2022,1399.0,4506502,SC,065,45,45065
2023,9131.0,4506701,SC,067,45,45067
2024,7030.0,4506902,SC,069,45,45069
2025,6472.0,4507102,SC,071,45,45071
2026,9295.0,4507302,SC,073,45,45073
2027,22399.0,4507502,SC,075,45,45075
2028,11970.0,4507702,SC,077,45,45077
2029,57309.0,4507902,SC,079,45,45079
2030,3348.0,4508102,SC,081,45,45081
2031,36625.0,4508301,SC,083,45,45083
2032,22441.0,4508501,SC,085,45,45085
2033,5664.0,4508702,SC,087,45,45087
2034,8814.0,4508902,SC,089,45,45089
2035,26435.0,4509101,SC,091,45,45091
2036,86.0,4600301,SD,003,46,46003
2037,2941.0,4600501,SD,005,46,46005
2038,1378.0,4600701,SD,007,46,46007
2039,316.0,4600901,SD,009,46,46009
2040,1585.0,4601101,SD,011,46,46011
2041,3390.0,4601301,SD,013,46,46013
2042,1367.0,4601501,SD,015,46,46015
2043,1319.0,4601901,SD,019,46,46019
2044,42.0,4602101,SD,021,46,46021
2045,1932.0,4602301,SD,023,46,46023
2046,119.0,4602501,SD,025,46,46025
2047,1065.0,4602701,SD,027,46,46027
2048,2467.0,4602901,SD,029,46,46029
2049,1658.0,4603101,SD,031,46,46031
2050,453.0,4603301,SD,033,46,46033
2051,1814.0,4603501,SD,035,46,46035
2052,484.0,4603701,SD,037,46,46037
2053,225.0,4603901,SD,039,46,46039
2054,2076.0,4604101,SD,041,46,46041
2055,126.0,4604301,SD,043,46,46043
2056,164.0,4604501,SD,045,46,46045
2057,595.0,4604701,SD,047,46,46047
2058,71.0,4604901,SD,049,46,46049
2059,399.0,4605101,SD,051,46,46051
2060,447.0,4605301,SD,053,46,46053
2061,70.0,4605501,SD,055,46,46055
2062,293.0,4605701,SD,057,46,46057
2063,116.0,4605901,SD,059,46,46059
2064,96.0,4606101,SD,061,46,46061
2065,33.0,4606301,SD,063,46,46063
2066,1607.0,4606501,SD,065,46,46065
2067,380.0,4606701,SD,067,46,46067
2068,28.0,4606901,SD,069,46,46069
2069,997.0,4607101,SD,071,46,46071
2070,63.0,4607301,SD,073,46,46073
2071,58.0,4607501,SD,075,46,46075
2072,213.0,4607701,SD,077,46,46077
2073,747.0,4607901,SD,079,46,46079
2074,1989.0,4608101,SD,081,46,46081
2075,1422.0,4608301,SD,083,46,46083
2076,816.0,4608501,SD,085,46,46085
2077,345.0,4608701,SD,087,46,46087
2078,117.0,4608901,SD,089,46,46089
2079,211.0,4609101,SD,091,46,46091
2080,1542.0,4609301,SD,093,46,46093
2081,754.0,4609501,SD,095,46,46095
2082,143.0,4609701,SD,097,46,46097
2083,17980.0,4609901,SD,099,46,46099
2084,413.0,4610101,SD,101,46,46101
2085,12608.0,4610301,SD,103,46,46103
2086,146.0,4610501,SD,105,46,46105
2087,65.0,4610701,SD,107,46,46107
2088,1989.0,4610901,SD,109,46,46109
2089,141.0,4611101,SD,111,46,46111
2090,8101.0,4611301,SD,113,46,46113
2091,316.0,4611501,SD,115,46,46115
2092,160.0,4611701,SD,117,46,46117
2093,27.0,4611901,SD,119,46,46119
2094,5500.0,4612101,SD,121,46,46121
2095,789.0,4612301,SD,123,46,46123
2096,583.0,4612501,SD,125,46,46125
2097,582.0,4612701,SD,127,46,46127
2098,647.0,4612901,SD,129,46,46129
2099,1905.0,4613501,SD,135,46,46135
2100,1118.0,4613701,SD,137,46,46137
2101,12150.0,4700101,TN,001,47,47001
2102,9504.0,4700301,TN,003,47,47003
2103,2986.0,4700501,TN,005,47,47005
2104,2818.0,4700701,TN,007,47,47007
2105,14815.0,4700901,TN,009,47,47009
2106,15738.0,4701101,TN,011,47,47011
2107,10345.0,4701301,TN,013,47,47013
2108,2178.0,4701501,TN,015,47,47015
2109,5409.0,4701701,TN,017,47,47017
2110,10221.0,4701901,TN,019,47,47019
2111,4341.0,4702101,TN,021,47,47021
2112,2807.0,4702301,TN,023,47,47023
2113,6813.0,4702501,TN,025,47,47025
2114,1702.0,4702701,TN,027,47,47027
2115,9707.0,4702901,TN,029,47,47029
2116,9539.0,4703101,TN,031,47,47031
2117,2617.0,4703301,TN,033,47,47033
2118,9056.0,4703501,TN,035,47,47035
2119,82879.0,4703701,TN,037,47,47037
2120,2166.0,4703901,TN,039,47,47039
2121,3847.0,4704101,TN,041,47,47041
2122,7473.0,4704301,TN,043,47,47043
2123,7871.0,4704501,TN,045,47,47045
2124,5936.0,4704701,TN,047,47,47047
2125,4533.0,4704901,TN,049,47,47049
2126,4956.0,4705101,TN,051,47,47051
2127,8770.0,4705301,TN,053,47,47053
2128,4383.0,4705501,TN,055,47,47055
2129,4194.0,4705701,TN,057,47,47057
2130,9588.0,4705901,TN,059,47,47059
2131,3716.0,4706101,TN,061,47,47061
2132,11132.0,4706301,TN,063,47,47063
2133,51039.0,4706501,TN,065,47,47065
2134,2493.0,4706701,TN,067,47,47067
2135,5152.0,4706901,TN,069,47,47069
2136,5651.0,4707101,TN,071,47,47071
2137,10683.0,4707301,TN,073,47,47073
2138,4493.0,4707501,TN,075,47,47075
2139,5593.0,4707701,TN,077,47,47077
2140,6409.0,4707901,TN,079,47,47079
2141,4675.0,4708101,TN,081,47,47081
2142,1347.0,4708301,TN,083,47,47083
2143,2854.0,4708501,TN,085,47,47085
2144,2348.0,4708701,TN,087,47,47087
2145,8077.0,4708901,TN,089,47,47089
2146,3620.0,4709101,TN,091,47,47091
2147,51514.0,4709301,TN,093,47,47093
2148,1962.0,4709501,TN,095,47,47095
2149,6147.0,4709701,TN,097,47,47097
2150,6785.0,4709901,TN,099,47,47099
2151,1985.0,4710101,TN,101,47,47101
2152,4925.0,4710301,TN,103,47,47103
2153,5284.0,4710501,TN,105,47,47105
2154,8992.0,4710701,TN,107,47,47107
2155,5341.0,4710901,TN,109,47,47109
2156,5378.0,4711101,TN,111,47,47111
2157,16856.0,4711301,TN,113,47,47113
2158,5207.0,4711501,TN,115,47,47115
2159,4214.0,4711701,TN,117,47,47117
2160,11117.0,4711901,TN,119,47,47119
2161,2583.0,4712101,TN,121,47,47121
2162,8656.0,4712301,TN,123,47,47123
2163,22938.0,4712501,TN,125,47,47125
2164,511.0,4712701,TN,127,47,47127
2165,4399.0,4712901,TN,129,47,47129
2166,6009.0,4713101,TN,131,47,47131
2167,3554.0,4713301,TN,133,47,47133
2168,1501.0,4713501,TN,135,47,47135
2169,808.0,4713701,TN,137,47,47137
2170,2870.0,4713901,TN,139,47,47139
2171,10995.0,4714101,TN,141,47,47141
2172,6907.0,4714301,TN,143,47,47143
2173,8275.0,4714501,TN,145,47,47145
2174,8513.0,4714701,TN,147,47,47147
2175,27806.0,4714901,TN,149,47,47149
2176,6755.0,4715101,TN,151,47,47151
2177,3164.0,4715301,TN,153,47,47153
2178,11902.0,4715501,TN,155,47,47155
2179,220382.0,4715701,TN,157,47,47157
2180,2931.0,4715901,TN,159,47,47159
2181,1996.0,4716101,TN,161,47,47161
2182,25217.0,4716301,TN,163,47,47163
2183,16009.0,4716501,TN,165,47,47165
2184,9953.0,4716701,TN,167,47,47167
2185,1459.0,4716901,TN,169,47,47169
2186,3011.0,4717101,TN,171,47,47171
2187,4280.0,4717301,TN,173,47,47173
2188,958.0,4717501,TN,175,47,47175
2189,7848.0,4717701,TN,177,47,47177
2190,17749.0,4717901,TN,179,47,47179
2191,2357.0,4718101,TN,181,47,47181
2192,5768.0,4718301,TN,183,47,47183
2193,4858.0,4718501,TN,185,47,47185
2194,4508.0,4718701,TN,187,47,47187
2195,10090.0,4718901,TN,189,47,47189
2196,7330.0,4800101,TX,001,48,48001
2197,1947.0,4800301,TX,003,48,48003
2198,14624.0,4800501,TX,005,48,48005
2199,3875.0,4800701,TX,007,48,48007
2200,623.0,4800901,TX,009,48,48009
2201,138.0,4801101,TX,011,48,48011
2202,9084.0,4801301,TX,013,48,48013
2203,3028.0,4801501,TX,015,48,48015
2204,1116.0,4801701,TX,017,48,48017
2205,2090.0,4801901,TX,019,48,48019
2206,10894.0,4802101,TX,021,48,48021
2207,605.0,4802301,TX,023,48,48023
2208,5246.0,4802501,TX,025,48,48025
2209,53415.0,4802702,TX,027,48,48027
2210,294607.0,4802904,TX,029,48,48029
2211,604.0,4803101,TX,031,48,48031
2212,36.0,4803301,TX,033,48,48033
2213,2222.0,4803501,TX,035,48,48035
2214,15984.0,4803701,TX,037,48,48037
2215,31151.0,4803901,TX,039,48,48039
2216,20546.0,4804101,TX,041,48,48041
2217,820.0,4804301,TX,043,48,48043
2218,159.0,4804501,TX,045,48,48045
2219,2911.0,4804701,TX,047,48,48047
2220,5385.0,4804901,TX,049,48,48049
2221,2205.0,4805101,TX,051,48,48051
2222,4305.0,4805301,TX,053,48,48053
2223,6204.0,4805501,TX,055,48,48055
2224,3263.0,4805701,TX,057,48,48057
2225,1782.0,4805901,TX,059,48,48059
2226,118686.0,4806104,TX,061,48,48061
2227,2585.0,4806301,TX,063,48,48063
2228,410.0,4806501,TX,065,48,48065
2229,5423.0,4806701,TX,067,48,48067
2230,1232.0,4806901,TX,069,48,48069
2231,3286.0,4807101,TX,071,48,48071
2232,8354.0,4807301,TX,073,48,48073
2233,982.0,4807501,TX,075,48,48075
2234,941.0,4807701,TX,077,48,48077
2235,595.0,4807901,TX,079,48,48079
2236,320.0,4808101,TX,081,48,48081
2237,1232.0,4808301,TX,083,48,48083
2238,37820.0,4808501,TX,085,48,48085
2239,449.0,4808701,TX,087,48,48087
2240,2375.0,4808901,TX,089,48,48089
2241,9178.0,4809101,TX,091,48,48091
2242,1873.0,4809301,TX,093,48,48093
2243,305.0,4809501,TX,095,48,48095
2244,4899.0,4809701,TX,097,48,48097
2245,8427.0,4809901,TX,099,48,48099
2246,240.0,4810101,TX,101,48,48101
2247,409.0,4810301,TX,103,48,48103
2248,362.0,4810501,TX,105,48,48105
2249,1366.0,4810701,TX,107,48,48107
2250,387.0,4810901,TX,109,48,48109
2251,648.0,4811101,TX,111,48,48111
2252,366722.0,4811304,TX,113,48,48113
2253,2142.0,4811501,TX,115,48,48115
2254,3079.0,4811701,TX,117,48,48117
2255,706.0,4811901,TX,119,48,48119
2256,41758.0,4812101,TX,121,48,48121
2257,3122.0,4812301,TX,123,48,48123
2258,283.0,4812501,TX,125,48,48125
2259,2880.0,4812701,TX,127,48,48127
2260,403.0,4812901,TX,129,48,48129
2261,3221.0,4813101,TX,131,48,48131
2262,2929.0,4813301,TX,133,48,48133
2263,20846.0,4813502,TX,135,48,48135
2264,285.0,4813701,TX,137,48,48137
2265,16504.0,4813901,TX,139,48,48139
2266,175915.0,4814104,TX,141,48,48141
2267,3747.0,4814301,TX,143,48,48143
2268,2963.0,4814501,TX,145,48,48145
2269,3914.0,4814701,TX,147,48,48147
2270,1925.0,4814901,TX,149,48,48149
2271,396.0,4815101,TX,151,48,48151
2272,1314.0,4815301,TX,153,48,48153
2273,176.0,4815501,TX,155,48,48155
2274,51829.0,4815701,TX,157,48,48157
2275,1410.0,4815901,TX,159,48,48159
2276,2499.0,4816101,TX,161,48,48161
2277,3796.0,4816301,TX,163,48,48163
2278,1751.0,4816501,TX,165,48,48165
2279,37377.0,4816702,TX,167,48,48167
2280,733.0,4816901,TX,169,48,48169
2281,1658.0,4817101,TX,171,48,48171
2282,65.0,4817301,TX,173,48,48173
2283,927.0,4817501,TX,175,48,48175
2284,3433.0,4817701,TX,177,48,48177
2285,3173.0,4817901,TX,179,48,48179
2286,15430.0,4818101,TX,181,48,48181
2287,20905.0,4818301,TX,183,48,48183
2288,3868.0,4818501,TX,185,48,48185
2289,13902.0,4818701,TX,187,48,48187
2290,6125.0,4818901,TX,189,48,48189
2291,632.0,4819101,TX,191,48,48191
2292,1032.0,4819301,TX,193,48,48193
2293,305.0,4819501,TX,195,48,48195
2294,541.0,4819701,TX,197,48,48197
2295,7028.0,4819901,TX,199,48,48199
2296,656703.0,4820103,TX,201,48,48201
2297,11291.0,4820301,TX,203,48,48203
2298,166.0,4820501,TX,205,48,48205
2299,973.0,4820701,TX,207,48,48207
2300,14497.0,4820901,TX,209,48,48209
2301,217.0,4821101,TX,211,48,48211
2302,11927.0,4821301,TX,213,48,48213
2303,239798.0,4821505,TX,215,48,48215
2304,5025.0,4821701,TX,217,48,48217
2305,3350.0,4821901,TX,219,48,48219
2306,5380.0,4822101,TX,221,48,48221
2307,4861.0,4822301,TX,223,48,48223
2308,3653.0,4822501,TX,225,48,48225
2309,4129.0,4822701,TX,227,48,48227
2310,838.0,4822901,TX,229,48,48229
2311,12085.0,4823101,TX,231,48,48231
2312,2583.0,4823301,TX,233,48,48233
2313,71.0,4823501,TX,235,48,48235
2314,980.0,4823701,TX,237,48,48237
2315,1880.0,4823901,TX,239,48,48239
2316,5736.0,4824101,TX,241,48,48241
2317,131.0,4824301,TX,243,48,48243
2318,43643.0,4824506,TX,245,48,48245
2319,1672.0,4824701,TX,247,48,48247
2320,10179.0,4824901,TX,249,48,48249
2321,18272.0,4825101,TX,251,48,48251
2322,2108.0,4825301,TX,253,48,48253
2323,2587.0,4825501,TX,255,48,48255
2324,13116.0,4825701,TX,257,48,48257
2325,1749.0,4825901,TX,259,48,48259
2326,64.0,4826101,TX,261,48,48261
2327,50.0,4826301,TX,263,48,48263
2328,5349.0,4826501,TX,265,48,48265
2329,487.0,4826701,TX,267,48,48267
2330,24.0,4826901,TX,269,48,48269
2331,458.0,4827101,TX,271,48,48271
2332,6821.0,4827301,TX,273,48,48273
2333,593.0,4827501,TX,275,48,48275
2334,8627.0,4827702,TX,277,48,48277
2335,2515.0,4827901,TX,279,48,48279
2336,2637.0,4828101,TX,281,48,48281
2337,1340.0,4828301,TX,283,48,48283
2338,2032.0,4828501,TX,285,48,48285
2339,2071.0,4828701,TX,287,48,48287
2340,2164.0,4828901,TX,289,48,48289
2341,12904.0,4829101,TX,291,48,48291
2342,3756.0,4829301,TX,293,48,48293
2343,235.0,4829501,TX,295,48,48295
2344,1466.0,4829701,TX,297,48,48297
2345,1965.0,4829901,TX,299,48,48299
2346,3.0,4830101,TX,301,48,48301
2347,41141.0,4830304,TX,303,48,48303
2348,962.0,4830501,TX,305,48,48305
2349,1103.0,4830701,TX,307,48,48307
2350,37445.0,4830902,TX,309,48,48309
2351,50.0,4831101,TX,311,48,48311
2352,1898.0,4831301,TX,313,48,48313
2353,2174.0,4831501,TX,315,48,48315
2354,656.0,4831701,TX,317,48,48317
2355,326.0,4831901,TX,319,48,48319
2356,5509.0,4832101,TX,321,48,48321
2357,16624.0,4832301,TX,323,48,48323
2358,6612.0,4832501,TX,325,48,48325
2359,228.0,4832701,TX,327,48,48327
2360,13709.0,4832901,TX,329,48,48329
2361,4691.0,4833101,TX,331,48,48331
2362,379.0,4833301,TX,333,48,48333
2363,1051.0,4833501,TX,335,48,48335
2364,2447.0,4833701,TX,337,48,48337
2365,44540.0,4833901,TX,339,48,48339
2366,2199.0,4834101,TX,341,48,48341
2367,2556.0,4834301,TX,343,48,48343
2368,137.0,4834501,TX,345,48,48345
2369,10555.0,4834701,TX,347,48,48347
2370,8864.0,4834901,TX,349,48,48349
2371,2214.0,4835101,TX,351,48,48351
2372,2673.0,4835301,TX,353,48,48353
2373,65876.0,4835503,TX,355,48,48355
2374,859.0,4835701,TX,357,48,48357
2375,137.0,4835901,TX,359,48,48359
2376,13080.0,4836101,TX,361,48,48361
2377,3790.0,4836301,TX,363,48,48363
2378,3522.0,4836501,TX,365,48,48365
2379,9993.0,4836701,TX,367,48,48367
2380,851.0,4836901,TX,369,48,48369
2381,2055.0,4837101,TX,371,48,48371
2382,7828.0,4837301,TX,373,48,48373
2383,23467.0,4837502,TX,375,48,48375
2384,1706.0,4837701,TX,377,48,48377
2385,1491.0,4837901,TX,379,48,48379
2386,9245.0,4838101,TX,381,48,48381
2387,277.0,4838301,TX,383,48,48383
2388,480.0,4838501,TX,385,48,48385
2389,1922.0,4838701,TX,387,48,48387
2390,1756.0,4838901,TX,389,48,48389
2391,1182.0,4839101,TX,391,48,48391
2392,17.0,4839301,TX,393,48,48393
2393,3058.0,4839501,TX,395,48,48395
2394,3949.0,4839701,TX,397,48,48397
2395,1412.0,4839901,TX,399,48,48399
2396,7399.0,4840101,TX,401,48,48401
2397,1816.0,4840301,TX,403,48,48403
2398,1817.0,4840501,TX,405,48,48405
2399,4941.0,4840701,TX,407,48,48407
2400,11943.0,4840901,TX,409,48,48409
2401,713.0,4841101,TX,411,48,48411
2402,230.0,4841301,TX,413,48,48413
2403,2099.0,4841501,TX,415,48,48415
2404,364.0,4841701,TX,417,48,48417
2405,4789.0,4841901,TX,419,48,48419
2406,171.0,4842101,TX,421,48,48421
2407,27751.0,4842302,TX,423,48,48423
2408,794.0,4842501,TX,425,48,48425
2409,22585.0,4842701,TX,427,48,48427
2410,1591.0,4842901,TX,429,48,48429
2411,106.0,4843101,TX,431,48,48431
2412,137.0,4843301,TX,433,48,48433
2413,366.0,4843501,TX,435,48,48435
2414,1322.0,4843701,TX,437,48,48437
2415,231455.0,4843904,TX,439,48,48439
2416,19695.0,4844101,TX,441,48,48441
2417,97.0,4844301,TX,443,48,48443
2418,2176.0,4844501,TX,445,48,48445
2419,141.0,4844701,TX,447,48,48447
2420,5335.0,4844901,TX,449,48,48449
2421,13555.0,4845102,TX,451,48,48451
2422,101403.0,4845303,TX,453,48,48453
2423,2888.0,4845501,TX,455,48,48455
2424,3360.0,4845701,TX,457,48,48457
2425,6145.0,4845901,TX,459,48,48459
2426,391.0,4846101,TX,461,48,48461
2427,6190.0,4846301,TX,463,48,48463
2428,10994.0,4846501,TX,465,48,48465
2429,6591.0,4846701,TX,467,48,48467
2430,14841.0,4846901,TX,469,48,48469
2431,6697.0,4847101,TX,471,48,48471
2432,5967.0,4847301,TX,473,48,48473
2433,1464.0,4847501,TX,475,48,48475
2434,3575.0,4847701,TX,477,48,48477
2435,76365.0,4847903,TX,479,48,48479
2436,6287.0,4848101,TX,481,48,48481
2437,518.0,4848301,TX,483,48,48483
2438,19019.0,4848502,TX,485,48,48485
2439,1994.0,4848701,TX,487,48,48487
2440,6087.0,4848901,TX,489,48,48489
2441,27882.0,4849101,TX,491,48,48491
2442,4361.0,4849301,TX,493,48,48493
2443,1017.0,4849501,TX,495,48,48495
2444,5693.0,4849701,TX,497,48,48497
2445,4872.0,4849901,TX,499,48,48499
2446,774.0,4850101,TX,501,48,48501
2447,2337.0,4850301,TX,503,48,48503
2448,4626.0,4850501,TX,505,48,48505
2449,3843.0,4850701,TX,507,48,48507
2450,197472.0,4992509,UT,925,49,49925
2451,1671.0,4992509,UT,925,49,49925
2452,4859.0,5100102,VA,001,51,51001
2453,4810.0,5100301,VA,003,51,51003
2454,1446.0,5100701,VA,007,51,51007
2455,3354.0,5100901,VA,009,51,51009
2456,2391.0,5101102,VA,011,51,51011
2457,6866.0,5101308,VA,013,51,51013
2458,1988.0,5101312,VA,013,51,51013
2459,5192.0,5101501,VA,015,51,51015
2460,262.0,5101701,VA,017,51,51017
2461,5431.0,5101902,VA,019,51,51019
2462,491.0,5102101,VA,021,51,51021
2463,1566.0,5102301,VA,023,51,51023
2464,3297.0,5102502,VA,025,51,51025
2465,4493.0,5102701,VA,027,51,51027
2466,2571.0,5102901,VA,029,51,51029
2467,6461.0,5103101,VA,031,51,51031
2468,3611.0,5103301,VA,033,51,51033
2469,4190.0,5103501,VA,035,51,51035
2470,842.0,5103601,VA,036,51,51036
2471,1963.0,5103701,VA,037,51,51037
2472,24137.0,5104101,VA,041,51,51041
2473,474.0,5104301,VA,043,51,51043
2474,594.0,5104501,VA,045,51,51045
2475,4478.0,5104702,VA,047,51,51047
2476,1753.0,5104901,VA,049,51,51049
2477,2979.0,5105101,VA,051,51,51051
2478,3800.0,5105302,VA,053,51,51053
2479,1962.0,5105701,VA,057,51,51057
2480,42843.0,5105916,VA,059,51,51059
2481,2928.0,5106102,VA,061,51,51061
2482,1812.0,5106301,VA,063,51,51063
2483,1507.0,5106502,VA,065,51,51065
2484,6282.0,5106701,VA,067,51,51067
2485,4921.0,5106902,VA,069,51,51069
2486,1975.0,5107101,VA,071,51,51071
2487,3237.0,5107301,VA,073,51,51073
2488,1031.0,5107502,VA,075,51,51075
2489,2306.0,5107701,VA,077,51,51077
2490,1829.0,5107901,VA,079,51,51079
2491,1629.0,5108102,VA,081,51,51081
2492,6027.0,5108302,VA,083,51,51083
2493,4733.0,5108501,VA,085,51,51085
2494,29932.0,5108702,VA,087,51,51087
2495,9524.0,5108902,VA,089,51,51089
2496,97.0,5109101,VA,091,51,51091
2497,3230.0,5109302,VA,093,51,51093
2498,3830.0,5109502,VA,095,51,51095
2499,968.0,5109702,VA,097,51,51097
2500,2148.0,5109901,VA,099,51,51099
2501,1383.0,5110101,VA,101,51,51101
2502,1421.0,5110301,VA,103,51,51103
2503,5660.0,5110501,VA,105,51,51105
2504,8942.0,5110701,VA,107,51,51107
2505,3430.0,5110902,VA,109,51,51109
2506,1982.0,5111102,VA,111,51,51111
2507,1090.0,5111301,VA,113,51,51113
2508,718.0,5111501,VA,115,51,51115
2509,4549.0,5111702,VA,117,51,51117
2510,1373.0,5111901,VA,119,51,51119
2511,6000.0,5112101,VA,121,51,51121
2512,1675.0,5112501,VA,125,51,51125
2513,1023.0,5112701,VA,127,51,51127
2514,2228.0,5113101,VA,131,51,51131
2515,1501.0,5113301,VA,133,51,51133
2516,2876.0,5113502,VA,135,51,51135
2517,2533.0,5113701,VA,137,51,51137
2518,2748.0,5113901,VA,139,51,51139
2519,2672.0,5114101,VA,141,51,51141
2520,8434.0,5114301,VA,143,51,51143
2521,1109.0,5114502,VA,145,51,51145
2522,3148.0,5114702,VA,147,51,51147
2523,2854.0,5114902,VA,149,51,51149
2524,24836.0,5115302,VA,153,51,51153
2525,5020.0,5115501,VA,155,51,51155
2526,356.0,5115702,VA,157,51,51157
2527,1380.0,5115901,VA,159,51,51159
2528,6680.0,5116101,VA,161,51,51161
2529,2195.0,5116302,VA,163,51,51163
2530,4357.0,5116503,VA,165,51,51165
2531,5144.0,5116702,VA,167,51,51167
2532,3405.0,5116901,VA,169,51,51169
2533,4188.0,5117101,VA,171,51,51171
2534,5521.0,5117302,VA,173,51,51173
2535,2404.0,5117502,VA,175,51,51175
2536,9998.0,5117702,VA,177,51,51177
2537,7731.0,5117901,VA,179,51,51179
2538,844.0,5118101,VA,181,51,51181
2539,1644.0,5118301,VA,183,51,51183
2540,7841.0,5118501,VA,185,51,51185
2541,3915.0,5118702,VA,187,51,51187
2542,6775.0,5119102,VA,191,51,51191
2543,2950.0,5119301,VA,193,51,51193
2544,7814.0,5119502,VA,195,51,51195
2545,3775.0,5119702,VA,197,51,51197
2546,2342.0,5119902,VA,199,51,51199
2547,9232.0,5151008,VA,510,51,51510
2548,0.0,5151501,VA,515,51,51515
2549,3884.0,5152001,VA,520,51,51520
2550,818.0,5153001,VA,530,51,51530
2551,4117.0,5154002,VA,540,51,51540
2552,19040.0,5155003,VA,550,51,51550
2553,2294.0,5157001,VA,570,51,51570
2554,1096.0,5158001,VA,580,51,51580
2555,11573.0,5159001,VA,590,51,51590
2556,1798.0,5159501,VA,595,51,51595
2557,712.0,5160001,VA,600,51,51600
2558,168.0,5161001,VA,610,51,51610
2559,2385.0,5162002,VA,620,51,51620
2560,3587.0,5163002,VA,630,51,51630
2561,1659.0,5164001,VA,640,51,51640
2562,19366.0,5165009,VA,650,51,51650
2563,4314.0,5166001,VA,660,51,51660
2564,6489.0,5167002,VA,670,51,51670
2565,350.0,5167801,VA,678,51,51678
2566,11257.0,5168001,VA,680,51,51680
2567,3488.0,5168301,VA,683,51,51683
2568,1059.0,5168501,VA,685,51,51685
2569,3729.0,5169012,VA,690,51,51690
2570,29613.0,5170011,VA,700,51,51700
2571,38025.0,5171009,VA,710,51,51710
2572,982.0,5172001,VA,720,51,51720
2573,9152.0,5173001,VA,730,51,51730
2574,366.0,5173501,VA,735,51,51735
2575,20191.0,5174002,VA,740,51,51740
2576,1465.0,5175002,VA,750,51,51750
2577,39343.0,5176012,VA,760,51,51760
2578,20856.0,5177002,VA,770,51,51770
2579,2640.0,5179002,VA,790,51,51790
2580,10922.0,5180002,VA,800,51,51800
2581,28447.0,5181002,VA,810,51,51810
2582,3104.0,5182002,VA,820,51,51820
2583,1140.0,5183002,VA,830,51,51830
2584,3584.0,5184002,VA,840,51,51840
2585,12205.0,5200101,VI,001,52,52001
2586,13704.0,5200501,VI,005,52,52005
2587,907668.0,5300001,WA,000,53,53000
2588,3318.0,5400101,WV,001,54,54001
2589,16273.0,5400301,WV,003,54,54003
2590,6369.0,5400501,WV,005,54,54005
2591,3168.0,5400701,WV,007,54,54007
2592,0.0,5400901,WV,009,54,54009
2593,17180.0,5401101,WV,011,54,54011
2594,1660.0,5401301,WV,013,54,54013
2595,3110.0,5401501,WV,015,54,54015
2596,1243.0,5401701,WV,017,54,54017
2597,9492.0,5401901,WV,019,54,54019
2598,1157.0,5402101,WV,021,54,54021
2599,1672.0,5402301,WV,023,54,54023
2600,6278.0,5402501,WV,025,54,54025
2601,4179.0,5402701,WV,027,54,54027
2602,7579.0,5402901,WV,029,54,54029
2603,2321.0,5403101,WV,031,54,54031
2604,10122.0,5403301,WV,033,54,54033
2605,5269.0,5403501,WV,035,54,54035
2606,5701.0,5403701,WV,037,54,54037
2607,30051.0,5403901,WV,039,54,54039
2608,3734.0,5404101,WV,041,54,54041
2609,6059.0,5404301,WV,043,54,54043
2610,9487.0,5404501,WV,045,54,54045
2611,7744.0,5404701,WV,047,54,54047
2612,9746.0,5404901,WV,049,54,54049
2613,5109.0,5405101,WV,051,54,54051
2614,5898.0,5405301,WV,053,54,54053
2615,15144.0,5405501,WV,055,54,54055
2616,4048.0,5405701,WV,057,54,54057
2617,8738.0,5405901,WV,059,54,54059
2618,7935.0,5406101,WV,061,54,54061
2619,2030.0,5406301,WV,063,54,54063
2620,2407.0,5406501,WV,065,54,54065
2621,6034.0,5406701,WV,067,54,54067
2622,6871.0,5406901,WV,069,54,54069
2623,1156.0,5407101,WV,071,54,54071
2624,1099.0,5407301,WV,073,54,54073
2625,1390.0,5407501,WV,075,54,54075
2626,5473.0,5407701,WV,077,54,54077
2627,6577.0,5407901,WV,079,54,54079
2628,16385.0,5408101,WV,081,54,54081
2629,5660.0,5408301,WV,083,54,54083
2630,2039.0,5408501,WV,085,54,54085
2631,3422.0,5408701,WV,087,54,54087
2632,3285.0,5408901,WV,089,54,54089
2633,2910.0,5409101,WV,091,54,54091
2634,1090.0,5409301,WV,093,54,54093
2635,1554.0,5409501,WV,095,54,54095
2636,5123.0,5409701,WV,097,54,54097
2637,9248.0,5409901,WV,099,54,54099
2638,2887.0,5410101,WV,101,54,54101
2639,3365.0,5410301,WV,103,54,54103
2640,1362.0,5410501,WV,105,54,54105
2641,16775.0,5410701,WV,107,54,54107
2642,5707.0,5410901,WV,109,54,54109
2643,610.0,5500001,WI,000,55,55000
2644,3170.0,5500101,WI,001,55,55001
2645,2404.0,5500301,WI,003,55,55003
2646,5498.0,5500501,WI,005,55,55005
2647,1340.0,5500701,WI,007,55,55007
2648,25486.0,5500901,WI,009,55,55009
2649,1099.0,5501101,WI,011,55,55011
2650,2111.0,5501301,WI,013,55,55013
2651,2293.0,5501501,WI,015,55,55015
2652,6164.0,5501701,WI,017,55,55017
2653,3084.0,5501901,WI,019,55,55019
2654,4610.0,5502101,WI,021,55,55021
2655,1817.0,5502301,WI,023,55,55023
2656,41916.0,5502501,WI,025,55,55025
2657,7329.0,5502701,WI,027,55,55027
2658,1870.0,5502901,WI,029,55,55029
2659,5322.0,5503101,WI,031,55,55031
2660,4071.0,5503301,WI,033,55,55033
2661,10205.0,5503501,WI,035,55,55035
2662,534.0,5503701,WI,037,55,55037
2663,8877.0,5503901,WI,039,55,55039
2664,1229.0,5504101,WI,041,55,55041
2665,4109.0,5504301,WI,043,55,55043
2666,2938.0,5504501,WI,045,55,55045
2667,1947.0,5504701,WI,047,55,55047
2668,2009.0,5504901,WI,049,55,55049
2669,777.0,5505101,WI,051,55,55051
2670,2081.0,5505301,WI,053,55,55053
2671,6896.0,5505501,WI,055,55,55055
2672,3830.0,5505701,WI,057,55,55057
2673,22694.0,5505901,WI,059,55,55059
2674,1380.0,5506101,WI,061,55,55061
2675,10556.0,5506301,WI,063,55,55063
2676,1409.0,5506501,WI,065,55,55065
2677,3059.0,5506701,WI,067,55,55067
2678,3071.0,5506901,WI,069,55,55069
2679,6904.0,5507101,WI,071,55,55071
2680,12513.0,5507301,WI,073,55,55073
2681,4884.0,5507501,WI,075,55,55075
2682,1755.0,5507701,WI,077,55,55077
2683,1688.0,5507801,WI,078,55,55078
2684,239949.0,5507901,WI,079,55,55079
2685,5124.0,5508101,WI,081,55,55081
2686,3204.0,5508301,WI,083,55,55083
2687,3712.0,5508501,WI,085,55,55085
2688,12596.0,5508701,WI,087,55,55087
2689,3001.0,5508901,WI,089,55,55089
2690,614.0,5509101,WI,091,55,55091
2691,2109.0,5509301,WI,093,55,55093
2692,3893.0,5509501,WI,095,55,55095
2693,5118.0,5509701,WI,097,55,55097
2694,1650.0,5509901,WI,099,55,55099
2695,29154.0,5510101,WI,101,55,55101
2696,2295.0,5510301,WI,103,55,55103
2697,23505.0,5510501,WI,105,55,55105
2698,2117.0,5510701,WI,107,55,55107
2699,4115.0,5510901,WI,109,55,55109
2700,6729.0,5511101,WI,111,55,55111
2701,2172.0,5511301,WI,113,55,55113
2702,4242.0,5511501,WI,115,55,55115
2703,11012.0,5511701,WI,117,55,55117
2704,1905.0,5511901,WI,119,55,55119
2705,2299.0,5512101,WI,121,55,55121
2706,2725.0,5512301,WI,123,55,55123
2707,1761.0,5512501,WI,125,55,55125
2708,8956.0,5512701,WI,127,55,55127
2709,2128.0,5512901,WI,129,55,55129
2710,6499.0,5513101,WI,131,55,55131
2711,14993.0,5513301,WI,133,55,55133
2712,4685.0,5513501,WI,135,55,55135
2713,2762.0,5513701,WI,137,55,55137
2714,15463.0,5513901,WI,139,55,55139
2715,8949.0,5514101,WI,141,55,55141
2716,1782.0,5514301,WI,143,55,55143
2717,145.0,5514501,WI,145,55,55145
2718,400.0,5514701,WI,147,55,55147
2719,484.0,5514901,WI,149,55,55149
2720,1153.0,5515101,WI,151,55,55151
2721,197.0,5515301,WI,153,55,55153
2722,37.0,5515501,WI,155,55,55155
